-- phpMyAdmin SQL Dump
-- version 4.8.4
-- https://www.phpmyadmin.net/
--
-- 主机： 127.0.0.1:3306
-- 生成日期： 2020-12-05 06:06:23
-- 服务器版本： 5.7.24
-- PHP 版本： 7.3.1

SET SQL_MODE = "NO_AUTO_VALUE_ON_ZERO";
SET AUTOCOMMIT = 0;
START TRANSACTION;
SET time_zone = "+00:00";


/*!40101 SET @OLD_CHARACTER_SET_CLIENT=@@CHARACTER_SET_CLIENT */;
/*!40101 SET @OLD_CHARACTER_SET_RESULTS=@@CHARACTER_SET_RESULTS */;
/*!40101 SET @OLD_COLLATION_CONNECTION=@@COLLATION_CONNECTION */;
/*!40101 SET NAMES utf8mb4 */;

--
-- 数据库： `party_api`
--

-- --------------------------------------------------------

--
-- 表的结构 `admin`
--

DROP TABLE IF EXISTS `admin`;
CREATE TABLE IF NOT EXISTS `admin` (
  `id` int(10) UNSIGNED NOT NULL AUTO_INCREMENT COMMENT '主键ID',
  `uuid` varchar(36) NOT NULL COMMENT '全球唯一标识符',
  `admin_name` varchar(32) NOT NULL DEFAULT '' COMMENT '管理员账号',
  `admin_pass` char(32) NOT NULL DEFAULT '' COMMENT '管理员密码',
  `admin_email` varchar(50) NOT NULL DEFAULT '' COMMENT '管理员电子邮箱',
  `admin_phone` char(11) NOT NULL DEFAULT '' COMMENT '手机号',
  `avatar` varchar(200) NOT NULL DEFAULT 'https://wpimg.wallstcn.com/f778738c-e4f8-4870-b634-56703b4acafe.gif',
  `role` tinyint(4) NOT NULL DEFAULT '5' COMMENT '权限等级',
  `logintime` int(10) UNSIGNED NOT NULL DEFAULT '0' COMMENT '登陆时间',
  `loginip` bigint(20) NOT NULL DEFAULT '0' COMMENT '登陆IP',
  `create_time` datetime NOT NULL DEFAULT CURRENT_TIMESTAMP COMMENT '记录创建的时间',
  `update_time` datetime NOT NULL DEFAULT CURRENT_TIMESTAMP ON UPDATE CURRENT_TIMESTAMP COMMENT '修改的时间',
  PRIMARY KEY (`id`),
  UNIQUE KEY `admin_adminname_adminpass` (`admin_name`,`admin_pass`) USING BTREE,
  UNIQUE KEY `admin_adminname_adminemail` (`admin_name`,`admin_email`) USING BTREE,
  UNIQUE KEY `admin_adminname_adminphone` (`admin_name`,`admin_phone`) USING BTREE
) ENGINE=InnoDB AUTO_INCREMENT=3 DEFAULT CHARSET=utf8 COMMENT='管理员表';

--
-- 转存表中的数据 `admin`
--

INSERT INTO `admin` (`id`, `uuid`, `admin_name`, `admin_pass`, `admin_email`, `admin_phone`, `avatar`, `role`, `logintime`, `loginip`, `create_time`, `update_time`) VALUES
(1, '62DF7492-F138-A032-2782-A83788DD5BA5', '呵粑粑牛', '1110', '928156263@qq.com', '13117687671', 'https://wpimg.wallstcn.com/f778738c-e4f8-4870-b634-56703b4acafe.gif', 0, 0, 0, '2020-08-15 12:47:48', '2020-08-19 15:32:20'),
(2, 'E1C30648-272E-061E-E4DA-2ED15BEF009A', '小罗同学', '1234', '2777167691@qq.com', '13117684283', 'https://wpimg.wallstcn.com/f778738c-e4f8-4870-b634-56703b4acafe.gif', 0, 0, 0, '2020-09-04 22:25:13', '2020-09-08 17:43:13');

-- --------------------------------------------------------

--
-- 表的结构 `bulletin`
--

DROP TABLE IF EXISTS `bulletin`;
CREATE TABLE IF NOT EXISTS `bulletin` (
  `id` bigint(20) NOT NULL AUTO_INCREMENT,
  `level` tinyint(4) NOT NULL DEFAULT '0' COMMENT '级别:1为红色,2为橙色,3为黄色,4为白色',
  `title` varchar(30) NOT NULL DEFAULT '' COMMENT '标题',
  `content` varchar(500) NOT NULL DEFAULT '' COMMENT '内容',
  `target_type` tinyint(4) NOT NULL DEFAULT '0' COMMENT '通知类型:1为特定用户,2为多个用户,3为用户群体(职务),4为全部',
  `create_number` bigint(20) UNSIGNED NOT NULL DEFAULT '0' COMMENT '发布者学工号',
  `create_time` datetime NOT NULL DEFAULT CURRENT_TIMESTAMP COMMENT '创建时间',
  `update_time` datetime NOT NULL DEFAULT CURRENT_TIMESTAMP ON UPDATE CURRENT_TIMESTAMP COMMENT '修改时间',
  `cancel_time` datetime DEFAULT NULL COMMENT '撤回标记',
  `delete_time` datetime DEFAULT NULL COMMENT '软删除标记',
  PRIMARY KEY (`id`)
) ENGINE=InnoDB AUTO_INCREMENT=37 DEFAULT CHARSET=utf8 COMMENT='通告表';

--
-- 转存表中的数据 `bulletin`
--

INSERT INTO `bulletin` (`id`, `level`, `title`, `content`, `target_type`, `create_number`, `create_time`, `update_time`, `cancel_time`, `delete_time`) VALUES
(8, 4, '测试2', '手动阀发射点发44656546465', 2, 2017107228, '2020-11-23 02:25:41', '2020-11-23 23:56:31', NULL, NULL),
(9, 1, '测试3', '手动阀发射点发44656546465', 3, 2017107228, '2020-11-23 02:26:31', '2020-11-23 23:41:19', NULL, NULL),
(10, 3, '测试4', '手动阀发射点发44656546465', 4, 2017107228, '2020-11-23 02:27:02', '2020-11-23 23:56:13', NULL, NULL),
(11, 4, '测试5', '手动阀发射点发44656546465', 1, 2017107228, '2020-11-23 12:39:35', '2020-11-23 23:56:15', NULL, NULL),
(12, 2, '测试6', '手动阀发射点发44656546465', 1, 2017107228, '2020-11-23 12:40:13', '2020-11-23 12:40:13', NULL, NULL),
(21, 3, '测试4', '手动阀发射点发44656546465', 4, 2017107228, '2020-11-23 02:27:02', '2020-11-23 23:56:13', NULL, NULL),
(22, 3, '测试4', '手动阀发射点发44656546465', 4, 2017107228, '2020-11-23 02:27:02', '2020-11-23 23:56:13', NULL, NULL),
(23, 3, '测试4', '手动阀发射点发44656546465', 4, 2017107228, '2020-11-23 02:27:02', '2020-11-23 23:56:13', NULL, NULL),
(24, 3, '测试4', '手动阀发射点发44656546465', 4, 2017107228, '2020-11-23 02:27:02', '2020-11-23 23:56:13', NULL, NULL),
(25, 3, '测试4', '手动阀发射点发44656546465', 4, 2017107228, '2020-11-23 02:27:02', '2020-11-23 23:56:13', NULL, NULL),
(26, 3, '测试4', '手动阀发射点发44656546465', 4, 2017107228, '2020-11-23 02:27:02', '2020-11-23 23:56:13', NULL, NULL),
(27, 3, '测试4', '手动阀发射点发44656546465', 4, 2017107228, '2020-11-23 02:27:02', '2020-11-23 23:56:13', NULL, NULL),
(28, 3, '测试4', '手动阀发射点发44656546465', 4, 2017107228, '2020-11-23 02:27:02', '2020-11-23 23:56:13', NULL, NULL),
(31, 4, '测试5', '算法的沙发沙发手动阀发射点发啊', 1, 2017107228, '2020-11-24 18:38:30', '2020-11-24 18:38:30', NULL, NULL),
(32, 4, '测试5', '算法的沙发沙发手动阀发射点发啊', 1, 2017107228, '2020-11-24 18:42:17', '2020-11-24 18:42:17', NULL, NULL),
(33, 3, '2342', '32432', 1, 2017107228, '2020-11-24 18:43:08', '2020-11-24 18:43:08', NULL, NULL),
(34, 4, '的说法', '沙发手动阀', 1, 2017107228, '2020-11-24 18:43:59', '2020-11-24 18:43:59', NULL, NULL),
(35, 4, '的说法', '沙发手动阀', 4, 2017107228, '2020-11-24 18:44:07', '2020-11-24 18:44:07', NULL, NULL),
(36, 3, '21321', '21321', 2, 2017107228, '2020-11-24 18:45:29', '2020-11-24 18:45:29', NULL, NULL);

-- --------------------------------------------------------

--
-- 表的结构 `bulletin_read`
--

DROP TABLE IF EXISTS `bulletin_read`;
CREATE TABLE IF NOT EXISTS `bulletin_read` (
  `id` bigint(20) NOT NULL AUTO_INCREMENT,
  `bulletin_id` bigint(20) NOT NULL DEFAULT '0' COMMENT '通告ID',
  `target_number` bigint(20) UNSIGNED NOT NULL DEFAULT '0' COMMENT '阅读人员学工号',
  `read_time` datetime NOT NULL DEFAULT CURRENT_TIMESTAMP COMMENT '创建时间',
  `update_time` datetime NOT NULL DEFAULT CURRENT_TIMESTAMP ON UPDATE CURRENT_TIMESTAMP COMMENT '修改时间',
  `delete_time` datetime DEFAULT NULL COMMENT '软删除标记',
  PRIMARY KEY (`id`)
) ENGINE=InnoDB AUTO_INCREMENT=104 DEFAULT CHARSET=utf8 COMMENT='通告阅读状态表';

--
-- 转存表中的数据 `bulletin_read`
--

INSERT INTO `bulletin_read` (`id`, `bulletin_id`, `target_number`, `read_time`, `update_time`, `delete_time`) VALUES
(2, 8, 20170001, '2020-11-23 12:53:00', '2020-11-23 18:20:36', NULL),
(3, 9, 20170001, '2020-11-23 12:53:00', '2020-11-23 12:53:00', NULL),
(51, 23, 2017107228, '2020-11-24 15:14:45', '2020-11-24 15:14:45', NULL),
(52, 22, 2017107228, '2020-11-24 15:14:45', '2020-11-24 15:14:45', NULL),
(58, 9, 2017107228, '2020-11-24 15:22:41', '2020-11-24 15:22:41', NULL),
(60, 8, 2017107228, '2020-11-24 15:25:36', '2020-11-24 15:25:36', NULL),
(62, 27, 2017107228, '2020-11-24 15:26:16', '2020-11-24 15:26:16', NULL),
(63, 25, 2017107228, '2020-11-24 15:26:19', '2020-11-24 15:26:19', NULL),
(64, 26, 2017107228, '2020-11-24 15:27:13', '2020-11-24 15:27:13', NULL),
(65, 12, 2017107228, '2020-11-24 15:39:50', '2020-11-24 15:39:50', NULL),
(66, 10, 2017107228, '2020-11-24 15:39:52', '2020-11-24 15:39:52', NULL),
(67, 24, 2017107228, '2020-11-24 15:42:14', '2020-11-24 15:42:14', NULL),
(68, 28, 2017107228, '2020-11-24 15:42:19', '2020-11-24 15:42:19', NULL),
(69, 21, 2017107228, '2020-11-24 15:43:31', '2020-11-24 15:43:31', NULL),
(70, 28, 20170001, '2020-11-24 17:04:26', '2020-11-24 17:04:26', NULL),
(71, 27, 20170001, '2020-11-24 17:04:34', '2020-11-24 17:04:34', NULL),
(72, 26, 20170001, '2020-11-24 17:04:50', '2020-11-24 17:04:50', NULL),
(73, 10, 20170001, '2020-11-24 17:05:05', '2020-11-24 17:05:05', NULL),
(74, 36, 2017107228, '2020-11-24 22:03:12', '2020-11-24 22:03:12', NULL),
(75, 35, 2017107228, '2020-11-24 22:03:14', '2020-11-24 22:03:14', NULL),
(76, 33, 2017107228, '2020-11-24 22:16:29', '2020-11-24 22:16:29', NULL),
(77, 34, 2017107228, '2020-11-24 22:16:32', '2020-11-24 22:16:32', NULL),
(78, 32, 2017107228, '2020-11-24 22:16:48', '2020-11-24 22:16:48', NULL),
(79, 25, 20170001, '2020-11-24 23:06:15', '2020-11-24 23:06:15', NULL),
(80, 24, 20170001, '2020-11-24 23:06:18', '2020-11-24 23:06:18', NULL),
(81, 23, 20170001, '2020-11-24 23:06:20', '2020-11-24 23:06:20', NULL),
(82, 22, 20170001, '2020-11-24 23:07:35', '2020-11-24 23:07:35', NULL),
(83, 31, 2017107228, '2020-11-24 23:18:59', '2020-11-24 23:18:59', NULL),
(84, 36, 20170001, '2020-11-25 00:09:57', '2020-11-25 00:09:57', NULL),
(85, 35, 20170001, '2020-11-25 00:10:06', '2020-11-25 00:10:06', NULL),
(86, 21, 20170001, '2020-11-25 00:11:05', '2020-11-25 00:11:05', NULL),
(87, 35, 2017107278, '2020-11-26 17:50:38', '2020-11-26 17:50:38', NULL),
(88, 25, 2017107278, '2020-11-26 17:50:40', '2020-11-26 17:50:40', NULL),
(89, 35, 2017107201, '2020-11-27 00:34:48', '2020-11-27 00:34:48', NULL),
(90, 28, 2017107201, '2020-11-27 00:34:50', '2020-11-27 00:34:50', NULL),
(91, 27, 2017107201, '2020-11-27 00:34:52', '2020-11-27 00:34:52', NULL),
(92, 26, 2017107201, '2020-11-27 00:34:54', '2020-11-27 00:34:54', NULL),
(93, 25, 2017107201, '2020-11-27 01:09:37', '2020-11-27 01:09:37', NULL),
(94, 24, 2017107201, '2020-11-27 01:09:38', '2020-11-27 01:09:38', NULL),
(95, 35, 2017107216, '2020-12-04 19:06:01', '2020-12-04 19:06:01', NULL),
(96, 28, 2017107216, '2020-12-05 12:08:24', '2020-12-05 12:08:24', NULL),
(97, 27, 2017107216, '2020-12-05 12:08:26', '2020-12-05 12:08:26', NULL),
(98, 24, 2017107216, '2020-12-05 12:08:29', '2020-12-05 12:08:29', NULL),
(99, 25, 2017107216, '2020-12-05 12:08:30', '2020-12-05 12:08:30', NULL),
(100, 26, 2017107216, '2020-12-05 12:08:32', '2020-12-05 12:08:32', NULL),
(101, 21, 2017107216, '2020-12-05 12:08:34', '2020-12-05 12:08:34', NULL),
(102, 22, 2017107216, '2020-12-05 12:08:35', '2020-12-05 12:08:35', NULL),
(103, 23, 2017107216, '2020-12-05 12:08:37', '2020-12-05 12:08:37', NULL);

-- --------------------------------------------------------

--
-- 表的结构 `bulletin_target`
--

DROP TABLE IF EXISTS `bulletin_target`;
CREATE TABLE IF NOT EXISTS `bulletin_target` (
  `id` bigint(20) NOT NULL AUTO_INCREMENT,
  `bulletin_id` bigint(20) NOT NULL DEFAULT '0' COMMENT '通告ID',
  `target_person` varchar(30) NOT NULL DEFAULT '' COMMENT '接收方标识',
  `create_time` datetime NOT NULL DEFAULT CURRENT_TIMESTAMP COMMENT '创建时间',
  `update_time` datetime NOT NULL DEFAULT CURRENT_TIMESTAMP ON UPDATE CURRENT_TIMESTAMP COMMENT '修改时间',
  `delete_time` datetime DEFAULT NULL COMMENT '软删除标记',
  PRIMARY KEY (`id`)
) ENGINE=InnoDB AUTO_INCREMENT=20 DEFAULT CHARSET=utf8 COMMENT='通告目标表';

--
-- 转存表中的数据 `bulletin_target`
--

INSERT INTO `bulletin_target` (`id`, `bulletin_id`, `target_person`, `create_time`, `update_time`, `delete_time`) VALUES
(8, 8, '2017107228', '2020-11-23 02:25:41', '2020-11-23 02:25:41', NULL),
(9, 8, '20170001', '2020-11-23 02:25:41', '2020-11-23 02:25:41', NULL),
(10, 8, '2017107216', '2020-11-23 02:25:41', '2020-11-23 02:25:41', NULL),
(11, 9, '学生', '2020-11-23 02:26:31', '2020-11-23 02:26:31', NULL),
(12, 11, '2017107216', '2020-11-23 12:39:35', '2020-11-23 12:39:35', NULL),
(13, 12, '2017107228', '2020-11-23 12:40:13', '2020-11-23 12:40:13', NULL),
(14, 31, '2017107228', '2020-11-24 18:38:30', '2020-11-24 18:38:30', NULL),
(15, 32, '2017107228', '2020-11-24 18:42:17', '2020-11-24 18:42:17', NULL),
(16, 33, '2017107228', '2020-11-24 18:43:08', '2020-11-24 18:43:08', NULL),
(17, 34, '2017107228', '2020-11-24 18:43:59', '2020-11-24 18:43:59', NULL),
(18, 36, '2017107228', '2020-11-24 18:45:29', '2020-11-24 18:45:29', NULL),
(19, 36, '20170001', '2020-11-24 18:45:29', '2020-11-24 18:45:29', NULL);

-- --------------------------------------------------------

--
-- 表的结构 `download_file`
--

DROP TABLE IF EXISTS `download_file`;
CREATE TABLE IF NOT EXISTS `download_file` (
  `id` bigint(20) NOT NULL AUTO_INCREMENT,
  `uploader_number` bigint(20) UNSIGNED NOT NULL DEFAULT '0' COMMENT '上传者',
  `file_category` tinyint(4) NOT NULL DEFAULT '0' COMMENT '类别:1为发展党员第一阶段...5为第五阶段,6为其他',
  `file_name` varchar(100) NOT NULL DEFAULT '0' COMMENT '文件名',
  `file_path` varchar(100) NOT NULL DEFAULT '' COMMENT '文件地址',
  `file_remarks` varchar(50) NOT NULL DEFAULT '' COMMENT '文件备注',
  `create_time` datetime NOT NULL DEFAULT CURRENT_TIMESTAMP COMMENT '记录创建的时间',
  `update_time` datetime NOT NULL DEFAULT CURRENT_TIMESTAMP ON UPDATE CURRENT_TIMESTAMP COMMENT '资料修改的时间',
  `delete_time` datetime DEFAULT NULL COMMENT '软删除标记',
  PRIMARY KEY (`id`)
) ENGINE=InnoDB AUTO_INCREMENT=50 DEFAULT CHARSET=utf8 COMMENT='下载文件表';

--
-- 转存表中的数据 `download_file`
--

INSERT INTO `download_file` (`id`, `uploader_number`, `file_category`, `file_name`, `file_path`, `file_remarks`, `create_time`, `update_time`, `delete_time`) VALUES
(11, 2017107228, 1, '1.申请入党（范文）.docx', 'index_file/1/1.申请入党（范文）.docx', '第一阶段所需材料', '2020-11-26 16:06:51', '2020-11-26 16:06:51', NULL),
(12, 2017107228, 1, '2.谈话记录（范文）.docx', 'index_file/1/2.谈话记录（范文）.docx', '第一阶段所需材料', '2020-11-26 16:06:51', '2020-11-26 16:06:51', NULL),
(13, 2017107228, 1, '3.发展党员工作全程纪实表.docx', 'index_file/1/3.发展党员工作全程纪实表.docx', '第一阶段所需材料', '2020-11-26 16:06:51', '2020-11-26 16:06:51', NULL),
(14, 2017107228, 2, '1.推荐入党积极分子人选登记表(教师用表).docx', 'index_file/2/1.推荐入党积极分子人选登记表(教师用表).docx', '第二阶段所需材料', '2020-11-26 16:07:27', '2020-11-26 16:07:27', NULL),
(15, 2017107228, 2, '5.思想汇报（范文）.docx', 'index_file/2/5.思想汇报（范文）.docx', '第二阶段所需材料', '2020-11-26 16:07:27', '2020-11-26 16:07:27', NULL),
(16, 2017107228, 2, '3.入党积极分子备案登记表（党总支）.docx', 'index_file/2/3.入党积极分子备案登记表（党总支）.docx', '第二阶段所需材料', '2020-11-26 16:07:27', '2020-11-26 16:07:27', NULL),
(17, 2017107228, 2, '4.关于将×××同志进行入党积极分子备案的报告.docx', 'index_file/2/4.关于将×××同志进行入党积极分子备案的报告.docx', '第二阶段所需材料', '2020-11-26 16:07:27', '2020-11-26 16:07:27', NULL),
(18, 2017107228, 2, '7.共青团员复印件.docx', 'index_file/2/7.共青团员复印件.docx', '第二阶段所需材料', '2020-11-26 16:07:27', '2020-11-26 16:07:27', NULL),
(19, 2017107228, 2, '6.河池学院“推优育苗\'\'对象培养考察表.docx', 'index_file/2/6.河池学院“推优育苗\'\'对象培养考察表.docx', '第二阶段所需材料', '2020-11-26 16:07:28', '2020-11-26 16:07:28', NULL),
(20, 2017107228, 2, '2.支部委员会（支部大会）确定入党积极分子会议记录（范文）.docx', 'index_file/2/2.支部委员会（支部大会）确定入党积极分子会议记录（范文）.docx', '第二阶段所需材料', '2020-11-26 16:10:07', '2020-11-26 16:10:07', NULL),
(21, 2017107228, 3, '2.支部委员会（支部大会）讨论发展对象人选会议记录.docx', 'index_file/3/2.支部委员会（支部大会）讨论发展对象人选会议记录.docx', '第三阶段所需材料', '2020-11-26 16:11:26', '2020-11-26 16:11:26', NULL),
(22, 2017107228, 3, '1.发展对象人选备案登记表.docx', 'index_file/3/1.发展对象人选备案登记表.docx', '第三阶段所需材料', '2020-11-26 16:11:26', '2020-11-26 16:11:26', NULL),
(23, 2017107228, 3, '3.关于确定×××同志为发展对象人选的公示.docx', 'index_file/3/3.关于确定×××同志为发展对象人选的公示.docx', '第三阶段所需材料', '2020-11-26 16:11:26', '2020-11-26 16:11:26', NULL),
(24, 2017107228, 3, '11.发展对象综合表现鉴定表.docx', 'index_file/3/11.发展对象综合表现鉴定表.docx', '第三阶段所需材料', '2020-11-26 16:11:26', '2020-11-26 16:11:26', NULL),
(25, 2017107228, 3, '4.发展对象人选公示情况登记表.docx', 'index_file/3/4.发展对象人选公示情况登记表.docx', '第三阶段所需材料', '2020-11-26 16:11:26', '2020-11-26 16:11:26', NULL),
(26, 2017107228, 3, '5.关于将×××同志进行发展对象备案的报告.docx', 'index_file/3/5.关于将×××同志进行发展对象备案的报告.docx', '第三阶段所需材料', '2020-11-26 16:11:27', '2020-11-26 16:11:27', NULL),
(27, 2017107228, 3, '12，河池学院发展党员听取党内外群众意见.docx', 'index_file/3/12，河池学院发展党员听取党内外群众意见.docx', '第三阶段所需材料', '2020-11-26 16:11:27', '2020-11-26 16:11:27', NULL),
(28, 2017107228, 3, '11.入党积极分子培养考察登记表.docx', 'index_file/3/11.入党积极分子培养考察登记表.docx', '第三阶段所需材料', '2020-11-26 16:11:27', '2020-11-26 16:11:27', NULL),
(29, 2017107228, 4, '1.预审情况表（总支）.docx', 'index_file/4/1.预审情况表（总支）.docx', '第四阶段所需材料', '2020-11-26 16:12:11', '2020-11-26 16:12:11', NULL),
(30, 2017107228, 4, '4.支部大会讨论接收预备党员会议记录.docx', 'index_file/4/4.支部大会讨论接收预备党员会议记录.docx', '第四阶段所需材料', '2020-11-26 16:12:11', '2020-11-26 16:12:11', NULL),
(31, 2017107228, 4, '5.关于审批×××同志为中共预备党员的请示.docx', 'index_file/4/5.关于审批×××同志为中共预备党员的请示.docx', '第四阶段所需材料', '2020-11-26 16:12:11', '2020-11-26 16:12:11', NULL),
(32, 2017107228, 4, '6.关于同意接收×××同志为中共预备党员的批复.docx', 'index_file/4/6.关于同意接收×××同志为中共预备党员的批复.docx', '第四阶段所需材料', '2020-11-26 16:12:11', '2020-11-26 16:12:11', NULL),
(33, 2017107228, 4, '6.自传（范文）.docx', 'index_file/4/6.自传（范文）.docx', '第四阶段所需材料', '2020-11-26 16:12:11', '2020-11-26 16:12:11', NULL),
(34, 2017107228, 4, '3.入党志愿书填写样本1.docx', 'index_file/4/3.入党志愿书填写样本1.docx', '第四阶段所需材料', '2020-11-26 16:12:11', '2020-11-26 16:12:11', NULL),
(35, 2017107228, 4, '7、函调证明材料信（党总支）.doc', 'index_file/4/7、函调证明材料信（党总支）.doc', '第四阶段所需材料', '2020-11-26 16:12:12', '2020-11-26 16:12:12', NULL),
(36, 2017107228, 4, '8，父母证明材料.docx', 'index_file/4/8，父母证明材料.docx', '第四阶段所需材料', '2020-11-26 16:12:12', '2020-11-26 16:12:12', NULL),
(37, 2017107228, 4, '9.关于×××同志政治审查情况的报告.docx', 'index_file/4/9.关于×××同志政治审查情况的报告.docx', '第四阶段所需材料', '2020-11-26 16:12:12', '2020-11-26 16:12:12', NULL),
(38, 2017107228, 5, '1.预备党员转正审查登记表.docx', 'index_file/5/1.预备党员转正审查登记表.docx', '第五阶段所需材料', '2020-11-26 16:13:19', '2020-11-26 16:13:19', NULL),
(39, 2017107228, 5, '2.转正申请书.docx', 'index_file/5/2.转正申请书.docx', '第五阶段所需材料', '2020-11-26 16:13:20', '2020-11-26 16:13:20', NULL),
(40, 2017107228, 5, '3.关于拟将×××同志转为中共正式党员的公示.docx', 'index_file/5/3.关于拟将×××同志转为中共正式党员的公示.docx', '第五阶段所需材料', '2020-11-26 16:13:20', '2020-11-26 16:13:20', NULL),
(41, 2017107228, 5, '5.支部大会讨论预备党员转正会议记录.docx', 'index_file/5/5.支部大会讨论预备党员转正会议记录.docx', '第五阶段所需材料', '2020-11-26 16:13:20', '2020-11-26 16:13:20', NULL),
(42, 2017107228, 5, '4.预备党员转正公示情况登记表.docx', 'index_file/5/4.预备党员转正公示情况登记表.docx', '第五阶段所需材料', '2020-11-26 16:13:20', '2020-11-26 16:13:20', NULL),
(43, 2017107228, 5, '6.按期转正的《入党志愿书》填写样本.docx', 'index_file/5/6.按期转正的《入党志愿书》填写样本.docx', '第五阶段所需材料', '2020-11-26 16:13:20', '2020-11-26 16:13:20', NULL),
(44, 2017107228, 5, '7.关于审批×××同志转为中共正式党员的请示.docx', 'index_file/5/7.关于审批×××同志转为中共正式党员的请示.docx', '第五阶段所需材料', '2020-11-26 16:13:20', '2020-11-26 16:13:20', NULL),
(45, 2017107228, 5, '8.关于审批延长×××同志预备期的请示.docx', 'index_file/5/8.关于审批延长×××同志预备期的请示.docx', '第五阶段所需材料', '2020-11-26 16:13:20', '2020-11-26 16:13:20', NULL),
(46, 2017107228, 5, '9.关于取消×××同志预备党员资格的请示.docx', 'index_file/5/9.关于取消×××同志预备党员资格的请示.docx', '第五阶段所需材料', '2020-11-26 16:13:21', '2020-11-26 16:13:21', NULL),
(47, 2017107228, 5, '10.关于同意×××同志转为中共正式党员的批复.docx', 'index_file/5/10.关于同意×××同志转为中共正式党员的批复.docx', '第五阶段所需材料', '2020-11-26 16:13:21', '2020-11-26 16:13:21', NULL),
(48, 2017107228, 5, '11.关于同意（或取消）延长×××同志预备期.docx', 'index_file/5/11.关于同意（或取消）延长×××同志预备期.docx', '第五阶段所需材料', '2020-11-26 16:13:21', '2020-11-26 16:13:21', NULL),
(49, 2017107228, 6, '习 题 答 案.doc', 'index_file/6/习 题 答 案.doc', '54646', '2020-12-05 00:58:59', '2020-12-05 00:58:59', NULL);

-- --------------------------------------------------------

--
-- 表的结构 `join_apply`
--

DROP TABLE IF EXISTS `join_apply`;
CREATE TABLE IF NOT EXISTS `join_apply` (
  `id` bigint(20) NOT NULL AUTO_INCREMENT,
  `number` bigint(20) UNSIGNED NOT NULL DEFAULT '0' COMMENT '学工号',
  `step` tinyint(4) NOT NULL DEFAULT '0' COMMENT '步骤:1为申请入党,2为申请成为积极分子,3为申请成为发展对象,4为申请成为预备党员,5为申请成为正式党员',
  `review_status` tinyint(4) NOT NULL DEFAULT '0' COMMENT '审核状态:1为正在审核,2为审核通过,3为未通过,4为提交给下一级审核',
  `reviewer` varchar(36) NOT NULL DEFAULT '' COMMENT '审核人员',
  `remarks` varchar(50) NOT NULL DEFAULT '' COMMENT '备注',
  `create_time` datetime NOT NULL DEFAULT CURRENT_TIMESTAMP COMMENT '记录创建的时间',
  `update_time` datetime NOT NULL DEFAULT CURRENT_TIMESTAMP ON UPDATE CURRENT_TIMESTAMP COMMENT '资料修改的时间',
  `delete_time` datetime DEFAULT NULL COMMENT '软删除标记',
  PRIMARY KEY (`id`),
  UNIQUE KEY `uq_number_step` (`number`,`step`),
  KEY `idx_number` (`number`)
) ENGINE=InnoDB AUTO_INCREMENT=34 DEFAULT CHARSET=utf8 COMMENT='入党申请表';

--
-- 转存表中的数据 `join_apply`
--

INSERT INTO `join_apply` (`id`, `number`, `step`, `review_status`, `reviewer`, `remarks`, `create_time`, `update_time`, `delete_time`) VALUES
(21, 20170001, 1, 2, '2017107216', '', '2019-08-15 19:49:18', '2020-12-05 01:12:45', NULL),
(25, 2017107228, 1, 2, '2017107216', '', '2020-11-04 19:49:18', '2020-12-05 02:36:24', NULL),
(26, 2018107228, 4, 2, '2017107228', '', '2020-11-17 19:49:18', '2020-12-05 02:38:20', NULL),
(27, 2017107278, 1, 1, '2017107228', '', '2020-11-04 19:49:18', '2020-11-19 23:00:06', NULL),
(28, 2017107217, 3, 2, '2017107228', '', '2020-11-04 19:49:18', '2020-11-26 18:06:44', NULL),
(29, 2017107201, 1, 1, '', '', '2020-11-26 18:11:26', '2020-11-26 18:11:26', NULL),
(30, 20170001, 2, 2, '2017107216', '', '2020-12-05 01:15:45', '2020-12-05 02:36:34', NULL),
(31, 20170001, 3, 2, '2017107228', '', '2020-12-05 02:55:48', '2020-12-05 02:56:03', NULL),
(32, 20170001, 4, 2, '2017107228', '', '2020-12-05 02:56:14', '2020-12-05 02:56:22', NULL),
(33, 20170001, 5, 2, '2017107228', '', '2020-12-05 02:57:25', '2020-12-05 02:57:33', NULL);

-- --------------------------------------------------------

--
-- 表的结构 `login_record`
--

DROP TABLE IF EXISTS `login_record`;
CREATE TABLE IF NOT EXISTS `login_record` (
  `id` bigint(20) NOT NULL AUTO_INCREMENT,
  `uuid` varchar(36) NOT NULL DEFAULT '' COMMENT '账户全球唯一标识符',
  `login_time` int(10) UNSIGNED NOT NULL DEFAULT '0' COMMENT '登录时间',
  `login_ip` varchar(30) NOT NULL DEFAULT '0' COMMENT '登录IP',
  `create_time` datetime NOT NULL DEFAULT CURRENT_TIMESTAMP COMMENT '记录创建的时间',
  `update_time` datetime NOT NULL DEFAULT CURRENT_TIMESTAMP ON UPDATE CURRENT_TIMESTAMP COMMENT '修改的时间',
  PRIMARY KEY (`id`),
  KEY `idx_uuid` (`uuid`)
) ENGINE=InnoDB AUTO_INCREMENT=293 DEFAULT CHARSET=utf8 COMMENT='登录记录表';

--
-- 转存表中的数据 `login_record`
--

INSERT INTO `login_record` (`id`, `uuid`, `login_time`, `login_ip`, `create_time`, `update_time`) VALUES
(3, '5F8D2C93-1285-BCC0-1EE1-A3549617A13B', 1597844308, 'api.xchtzon.top:8088', '2020-08-19 21:38:29', '2020-08-19 21:38:29'),
(4, '62DF7492-F138-A032-2782-A83788DD5BA5', 1597844844, 'localhost:8080', '2020-08-19 21:47:24', '2020-08-19 21:47:24'),
(5, 'C37709F9-3915-F59E-82D2-43A6F671CD82', 1597910692, 'api.xchtzon.top:8088', '2020-08-20 16:04:52', '2020-08-20 16:04:52'),
(6, 'C37709F9-3915-F59E-82D2-43A6F671CD82', 1597910942, 'localhost:8080', '2020-08-20 16:09:02', '2020-08-20 16:09:02'),
(7, 'C37709F9-3915-F59E-82D2-43A6F671CD82', 1597911001, 'localhost:8080', '2020-08-20 16:10:01', '2020-08-20 16:10:01'),
(8, 'C37709F9-3915-F59E-82D2-43A6F671CD82', 1597912107, 'localhost:8080', '2020-08-20 16:28:27', '2020-08-20 16:28:27'),
(9, 'C37709F9-3915-F59E-82D2-43A6F671CD82', 1597940221, 'localhost:8080', '2020-08-21 00:17:01', '2020-08-21 00:17:01'),
(10, '62DF7492-F138-A032-2782-A83788DD5BA5', 1597994380, 'api.xchtzon.top:8088', '2020-08-21 15:19:40', '2020-08-21 15:19:40'),
(11, 'C37709F9-3915-F59E-82D2-43A6F671CD82', 1598002882, 'localhost:8080', '2020-08-21 17:41:22', '2020-08-21 17:41:22'),
(12, 'C37709F9-3915-F59E-82D2-43A6F671CD82', 1598003016, 'localhost:8080', '2020-08-21 17:43:36', '2020-08-21 17:43:36'),
(13, 'C37709F9-3915-F59E-82D2-43A6F671CD82', 1598003110, 'localhost:8080', '2020-08-21 17:45:10', '2020-08-21 17:45:10'),
(14, 'C37709F9-3915-F59E-82D2-43A6F671CD82', 1598003470, 'localhost:8080', '2020-08-21 17:51:10', '2020-08-21 17:51:10'),
(15, 'C37709F9-3915-F59E-82D2-43A6F671CD82', 1598003573, 'api.xchtzon.top:8088', '2020-08-21 17:52:53', '2020-08-21 17:52:53'),
(16, 'C37709F9-3915-F59E-82D2-43A6F671CD82', 1598004027, 'localhost:8080', '2020-08-21 18:00:27', '2020-08-21 18:00:27'),
(17, 'C37709F9-3915-F59E-82D2-43A6F671CD82', 1598004104, 'localhost:8080', '2020-08-21 18:01:44', '2020-08-21 18:01:44'),
(18, 'C37709F9-3915-F59E-82D2-43A6F671CD82', 1598005263, 'localhost:8080', '2020-08-21 18:21:03', '2020-08-21 18:21:03'),
(19, 'C37709F9-3915-F59E-82D2-43A6F671CD82', 1598005525, 'localhost:8080', '2020-08-21 18:25:25', '2020-08-21 18:25:25'),
(20, 'C37709F9-3915-F59E-82D2-43A6F671CD82', 1598005597, 'localhost:8080', '2020-08-21 18:26:37', '2020-08-21 18:26:37'),
(21, 'C37709F9-3915-F59E-82D2-43A6F671CD82', 1598005689, 'localhost:8080', '2020-08-21 18:28:09', '2020-08-21 18:28:09'),
(22, 'C37709F9-3915-F59E-82D2-43A6F671CD82', 1598006090, 'localhost:8080', '2020-08-21 18:34:50', '2020-08-21 18:34:50'),
(23, 'C37709F9-3915-F59E-82D2-43A6F671CD82', 1598006237, 'localhost:8080', '2020-08-21 18:37:17', '2020-08-21 18:37:17'),
(24, 'C37709F9-3915-F59E-82D2-43A6F671CD82', 1598007114, 'localhost:8080', '2020-08-21 18:51:54', '2020-08-21 18:51:54'),
(25, 'C37709F9-3915-F59E-82D2-43A6F671CD82', 1598007161, 'localhost:8080', '2020-08-21 18:52:41', '2020-08-21 18:52:41'),
(26, 'C37709F9-3915-F59E-82D2-43A6F671CD82', 1598007348, 'localhost:8080', '2020-08-21 18:55:48', '2020-08-21 18:55:48'),
(27, 'C37709F9-3915-F59E-82D2-43A6F671CD82', 1598007973, 'localhost:8080', '2020-08-21 19:06:13', '2020-08-21 19:06:13'),
(28, 'C37709F9-3915-F59E-82D2-43A6F671CD82', 1598008128, 'localhost:8080', '2020-08-21 19:08:48', '2020-08-21 19:08:48'),
(29, 'C37709F9-3915-F59E-82D2-43A6F671CD82', 1598012712, 'localhost:8080', '2020-08-21 20:25:12', '2020-08-21 20:25:12'),
(30, 'C37709F9-3915-F59E-82D2-43A6F671CD82', 1598013007, 'localhost:8080', '2020-08-21 20:30:07', '2020-08-21 20:30:07'),
(31, 'C37709F9-3915-F59E-82D2-43A6F671CD82', 1598015725, 'localhost:8080', '2020-08-21 21:15:25', '2020-08-21 21:15:25'),
(32, 'C37709F9-3915-F59E-82D2-43A6F671CD82', 1598017185, 'localhost:8080', '2020-08-21 21:39:45', '2020-08-21 21:39:45'),
(33, 'C37709F9-3915-F59E-82D2-43A6F671CD82', 1598067869, 'localhost:8080', '2020-08-22 11:44:29', '2020-08-22 11:44:29'),
(34, 'C37709F9-3915-F59E-82D2-43A6F671CD82', 1598068121, 'localhost:8080', '2020-08-22 11:48:41', '2020-08-22 11:48:41'),
(35, 'C37709F9-3915-F59E-82D2-43A6F671CD82', 1598068199, 'localhost:8080', '2020-08-22 11:49:59', '2020-08-22 11:49:59'),
(36, 'C37709F9-3915-F59E-82D2-43A6F671CD82', 1598068345, 'localhost:8080', '2020-08-22 11:52:25', '2020-08-22 11:52:25'),
(37, 'C37709F9-3915-F59E-82D2-43A6F671CD82', 1598068471, 'localhost:8080', '2020-08-22 11:54:31', '2020-08-22 11:54:31'),
(38, 'C37709F9-3915-F59E-82D2-43A6F671CD82', 1598069000, 'localhost:8080', '2020-08-22 12:03:20', '2020-08-22 12:03:20'),
(39, '62DF7492-F138-A032-2782-A83788DD5BA5', 1598073699, 'localhost:8080', '2020-08-22 13:21:39', '2020-08-22 13:21:39'),
(40, '62DF7492-F138-A032-2782-A83788DD5BA5', 1598075302, 'localhost:8080', '2020-08-22 13:48:22', '2020-08-22 13:48:22'),
(41, '62DF7492-F138-A032-2782-A83788DD5BA5', 1598075386, 'localhost:8080', '2020-08-22 13:49:46', '2020-08-22 13:49:46'),
(42, 'C37709F9-3915-F59E-82D2-43A6F671CD82', 1598075421, 'localhost:8080', '2020-08-22 13:50:21', '2020-08-22 13:50:21'),
(43, '62DF7492-F138-A032-2782-A83788DD5BA5', 1598076007, 'localhost:8080', '2020-08-22 14:00:07', '2020-08-22 14:00:07'),
(44, 'C37709F9-3915-F59E-82D2-43A6F671CD82', 1598076393, 'localhost:8080', '2020-08-22 14:06:33', '2020-08-22 14:06:33'),
(45, 'C37709F9-3915-F59E-82D2-43A6F671CD82', 1598076890, 'localhost:8080', '2020-08-22 14:14:50', '2020-08-22 14:14:50'),
(46, '62DF7492-F138-A032-2782-A83788DD5BA5', 1598076952, 'localhost:8080', '2020-08-22 14:15:52', '2020-08-22 14:15:52'),
(47, 'C37709F9-3915-F59E-82D2-43A6F671CD82', 1598076988, 'localhost:8080', '2020-08-22 14:16:28', '2020-08-22 14:16:28'),
(48, '62DF7492-F138-A032-2782-A83788DD5BA5', 1598077211, 'localhost:8080', '2020-08-22 14:20:11', '2020-08-22 14:20:11'),
(49, 'C37709F9-3915-F59E-82D2-43A6F671CD82', 1598084692, 'api.xchtzon.top:8088', '2020-08-22 16:24:52', '2020-08-22 16:24:52'),
(50, 'C37709F9-3915-F59E-82D2-43A6F671CD82', 1598084697, 'api.xchtzon.top:8088', '2020-08-22 16:24:57', '2020-08-22 16:24:57'),
(51, 'C37709F9-3915-F59E-82D2-43A6F671CD82', 1598169653, 'localhost:8080', '2020-08-23 16:00:53', '2020-08-23 16:00:53'),
(52, '62DF7492-F138-A032-2782-A83788DD5BA5', 1598172472, 'localhost:8080', '2020-08-23 16:47:52', '2020-08-23 16:47:52'),
(53, 'C37709F9-3915-F59E-82D2-43A6F671CD82', 1598189902, 'localhost:8080', '2020-08-23 21:38:22', '2020-08-23 21:38:22'),
(54, 'C37709F9-3915-F59E-82D2-43A6F671CD82', 1598189951, 'localhost:8080', '2020-08-23 21:39:11', '2020-08-23 21:39:11'),
(55, 'C37709F9-3915-F59E-82D2-43A6F671CD82', 1598190606, 'localhost:8080', '2020-08-23 21:50:06', '2020-08-23 21:50:06'),
(56, 'C37709F9-3915-F59E-82D2-43A6F671CD82', 1598190747, 'localhost:8080', '2020-08-23 21:52:27', '2020-08-23 21:52:27'),
(57, 'C37709F9-3915-F59E-82D2-43A6F671CD82', 1598190884, 'localhost:8080', '2020-08-23 21:54:44', '2020-08-23 21:54:44'),
(58, 'C37709F9-3915-F59E-82D2-43A6F671CD82', 1598190931, 'localhost:8080', '2020-08-23 21:55:31', '2020-08-23 21:55:31'),
(59, 'C37709F9-3915-F59E-82D2-43A6F671CD82', 1598260733, 'localhost:8080', '2020-08-24 17:18:53', '2020-08-24 17:18:53'),
(60, 'C37709F9-3915-F59E-82D2-43A6F671CD82', 1598260803, 'api.xchtzon.top:8088', '2020-08-24 17:20:03', '2020-08-24 17:20:03'),
(61, 'C37709F9-3915-F59E-82D2-43A6F671CD82', 1598260866, 'localhost:8080', '2020-08-24 17:21:06', '2020-08-24 17:21:06'),
(62, 'C37709F9-3915-F59E-82D2-43A6F671CD82', 1598261089, 'localhost:8080', '2020-08-24 17:24:49', '2020-08-24 17:24:49'),
(63, 'C37709F9-3915-F59E-82D2-43A6F671CD82', 1598261299, 'localhost:8080', '2020-08-24 17:28:19', '2020-08-24 17:28:19'),
(64, 'C37709F9-3915-F59E-82D2-43A6F671CD82', 1598261817, 'localhost:8080', '2020-08-24 17:36:57', '2020-08-24 17:36:57'),
(65, 'C37709F9-3915-F59E-82D2-43A6F671CD82', 1598272460, 'localhost:8080', '2020-08-24 20:34:20', '2020-08-24 20:34:20'),
(66, 'C37709F9-3915-F59E-82D2-43A6F671CD82', 1598272615, 'api.xchtzon.top:8088', '2020-08-24 20:36:55', '2020-08-24 20:36:55'),
(67, 'C37709F9-3915-F59E-82D2-43A6F671CD82', 1598375326, 'localhost:8080', '2020-08-26 01:08:46', '2020-08-26 01:08:46'),
(68, '62DF7492-F138-A032-2782-A83788DD5BA5', 1598375445, 'localhost:8080', '2020-08-26 01:10:45', '2020-08-26 01:10:45'),
(69, 'C37709F9-3915-F59E-82D2-43A6F671CD82', 1598375502, 'localhost:8080', '2020-08-26 01:11:42', '2020-08-26 01:11:42'),
(70, 'C37709F9-3915-F59E-82D2-43A6F671CD82', 1598376832, 'localhost:8080', '2020-08-26 01:33:52', '2020-08-26 01:33:52'),
(71, 'C37709F9-3915-F59E-82D2-43A6F671CD82', 1598377048, 'localhost:8080', '2020-08-26 01:37:28', '2020-08-26 01:37:28'),
(72, 'C37709F9-3915-F59E-82D2-43A6F671CD82', 1598377608, 'localhost:8080', '2020-08-26 01:46:48', '2020-08-26 01:46:48'),
(73, 'C37709F9-3915-F59E-82D2-43A6F671CD82', 1598377822, 'localhost:8080', '2020-08-26 01:50:22', '2020-08-26 01:50:22'),
(74, 'C37709F9-3915-F59E-82D2-43A6F671CD82', 1598378095, 'localhost:8080', '2020-08-26 01:54:55', '2020-08-26 01:54:55'),
(75, 'C37709F9-3915-F59E-82D2-43A6F671CD82', 1598378149, 'localhost:8080', '2020-08-26 01:55:49', '2020-08-26 01:55:49'),
(76, 'C37709F9-3915-F59E-82D2-43A6F671CD82', 1598378209, 'localhost:8080', '2020-08-26 01:56:49', '2020-08-26 01:56:49'),
(77, 'C37709F9-3915-F59E-82D2-43A6F671CD82', 1598378698, 'localhost:8080', '2020-08-26 02:04:58', '2020-08-26 02:04:58'),
(78, '62DF7492-F138-A032-2782-A83788DD5BA5', 1598378743, 'localhost:8080', '2020-08-26 02:05:43', '2020-08-26 02:05:43'),
(79, 'C37709F9-3915-F59E-82D2-43A6F671CD82', 1598448253, 'localhost:8080', '2020-08-26 21:24:13', '2020-08-26 21:24:13'),
(80, 'C9A63D20-FD42-E517-66A4-492F7387CF14', 1598523508, 'localhost:8080', '2020-08-27 18:18:28', '2020-08-27 18:18:28'),
(81, '62DF7492-F138-A032-2782-A83788DD5BA5', 1598546386, 'localhost:8080', '2020-08-28 00:39:46', '2020-08-28 00:39:46'),
(82, 'C9A63D20-FD42-E517-66A4-492F7387CF14', 1598640057, 'localhost:8080', '2020-08-29 02:40:57', '2020-08-29 02:40:57'),
(83, '62DF7492-F138-A032-2782-A83788DD5BA5', 1598713593, 'localhost:8080', '2020-08-29 23:06:33', '2020-08-29 23:06:33'),
(84, '62DF7492-F138-A032-2782-A83788DD5BA5', 1598805441, 'localhost:8080', '2020-08-31 00:37:21', '2020-08-31 00:37:21'),
(85, '62DF7492-F138-A032-2782-A83788DD5BA5', 1598895883, 'localhost:8080', '2020-09-01 01:44:43', '2020-09-01 01:44:43'),
(86, '62DF7492-F138-A032-2782-A83788DD5BA5', 1598983568, 'localhost:8080', '2020-09-02 02:06:08', '2020-09-02 02:06:08'),
(87, 'C37709F9-3915-F59E-82D2-43A6F671CD82', 1599040184, 'localhost:8080', '2020-09-02 17:49:44', '2020-09-02 17:49:44'),
(88, 'C37709F9-3915-F59E-82D2-43A6F671CD82', 1599041333, 'localhost:8080', '2020-09-02 18:08:53', '2020-09-02 18:08:53'),
(89, 'C37709F9-3915-F59E-82D2-43A6F671CD82', 1599041555, 'localhost:8080', '2020-09-02 18:12:35', '2020-09-02 18:12:35'),
(90, 'C37709F9-3915-F59E-82D2-43A6F671CD82', 1599041832, 'localhost:8080', '2020-09-02 18:17:12', '2020-09-02 18:17:12'),
(91, '62DF7492-F138-A032-2782-A83788DD5BA5', 1599042101, 'localhost:8080', '2020-09-02 18:21:41', '2020-09-02 18:21:41'),
(92, 'C37709F9-3915-F59E-82D2-43A6F671CD82', 1599056583, 'localhost:8080', '2020-09-02 22:23:03', '2020-09-02 22:23:03'),
(93, '62DF7492-F138-A032-2782-A83788DD5BA5', 1599061663, 'localhost:8080', '2020-09-02 23:47:43', '2020-09-02 23:47:43'),
(94, 'C37709F9-3915-F59E-82D2-43A6F671CD82', 1599062148, 'localhost:8080', '2020-09-02 23:55:48', '2020-09-02 23:55:48'),
(95, '62DF7492-F138-A032-2782-A83788DD5BA5', 1599122102, 'localhost:8080', '2020-09-03 16:35:02', '2020-09-03 16:35:02'),
(96, 'C37709F9-3915-F59E-82D2-43A6F671CD82', 1599123498, 'localhost:8080', '2020-09-03 16:58:18', '2020-09-03 16:58:18'),
(97, '62DF7492-F138-A032-2782-A83788DD5BA5', 1599130322, 'localhost:8080', '2020-09-03 18:52:02', '2020-09-03 18:52:02'),
(98, 'C37709F9-3915-F59E-82D2-43A6F671CD82', 1599130481, 'localhost:8080', '2020-09-03 18:54:41', '2020-09-03 18:54:41'),
(99, '62DF7492-F138-A032-2782-A83788DD5BA5', 1599196321, 'localhost:8080', '2020-09-04 13:12:01', '2020-09-04 13:12:01'),
(100, '62DF7492-F138-A032-2782-A83788DD5BA5', 1599461991, 'localhost:8080', '2020-09-07 14:59:51', '2020-09-07 14:59:51'),
(101, 'C37709F9-3915-F59E-82D2-43A6F671CD82', 1599554034, 'localhost:8081', '2020-09-08 16:33:54', '2020-09-08 16:33:54'),
(102, 'E1C30648-272E-061E-E4DA-2ED15BEF009A', 1599625259, 'localhost:8081', '2020-09-09 12:20:59', '2020-09-09 12:20:59'),
(103, 'C37709F9-3915-F59E-82D2-43A6F671CD82', 1599641602, 'localhost:8081', '2020-09-09 16:53:22', '2020-09-09 16:53:22'),
(104, 'E1C30648-272E-061E-E4DA-2ED15BEF009A', 1599643274, 'localhost:8081', '2020-09-09 17:21:14', '2020-09-09 17:21:14'),
(105, 'E1C30648-272E-061E-E4DA-2ED15BEF009A', 1599707272, 'localhost:8081', '2020-09-10 11:07:52', '2020-09-10 11:07:52'),
(106, 'C37709F9-3915-F59E-82D2-43A6F671CD82', 1600223001, 'localhost:8081', '2020-09-16 10:23:21', '2020-09-16 10:23:21'),
(107, '62DF7492-F138-A032-2782-A83788DD5BA5', 1600230645, 'localhost:8081', '2020-09-16 12:30:45', '2020-09-16 12:30:45'),
(108, '20170001', 1600847407, 'localhost:8081', '2020-09-23 15:50:07', '2020-09-23 15:50:07'),
(109, '20170001', 1600847753, 'localhost:8081', '2020-09-23 15:55:53', '2020-09-23 15:55:53'),
(110, '20170001', 1600847780, 'localhost:8081', '2020-09-23 15:56:20', '2020-09-23 15:56:20'),
(111, '20170001', 1600847828, 'localhost:8081', '2020-09-23 15:57:08', '2020-09-23 15:57:08'),
(112, '20170001', 1600847894, 'localhost:8081', '2020-09-23 15:58:14', '2020-09-23 15:58:14'),
(113, '20170001', 1600847936, 'localhost:8081', '2020-09-23 15:58:56', '2020-09-23 15:58:56'),
(114, '20170001', 1600848091, 'localhost:8081', '2020-09-23 16:01:31', '2020-09-23 16:01:31'),
(115, '20170001', 1600848182, 'localhost:8081', '2020-09-23 16:03:02', '2020-09-23 16:03:02'),
(116, '20170001', 1600848225, 'localhost:8081', '2020-09-23 16:03:45', '2020-09-23 16:03:45'),
(117, '20170001', 1600848284, 'localhost:8081', '2020-09-23 16:04:44', '2020-09-23 16:04:44'),
(118, '20170001', 1600848518, 'localhost:8081', '2020-09-23 16:08:38', '2020-09-23 16:08:38'),
(119, '20170001', 1600848557, 'localhost:8081', '2020-09-23 16:09:17', '2020-09-23 16:09:17'),
(120, '20170001', 1600848828, 'localhost:8081', '2020-09-23 16:13:48', '2020-09-23 16:13:48'),
(121, '20170001', 1600848864, 'localhost:8081', '2020-09-23 16:14:24', '2020-09-23 16:14:24'),
(122, '20170001', 1600849568, 'localhost:8081', '2020-09-23 16:26:08', '2020-09-23 16:26:08'),
(123, '20170001', 1600849657, 'localhost:8081', '2020-09-23 16:27:37', '2020-09-23 16:27:37'),
(124, '20170001', 1600850152, 'localhost:8081', '2020-09-23 16:35:52', '2020-09-23 16:35:52'),
(125, '20170001', 1600850192, 'localhost:8081', '2020-09-23 16:36:32', '2020-09-23 16:36:32'),
(126, '2017107216', 1600857307, 'localhost:8081', '2020-09-23 18:35:07', '2020-09-23 18:35:07'),
(127, '2017107216', 1600859266, 'localhost:8081', '2020-09-23 19:07:46', '2020-09-23 19:07:46'),
(128, '62DF7492-F138-A032-2782-A83788DD5BA5', 1600861225, 'localhost:8081', '2020-09-23 19:40:25', '2020-09-23 19:40:25'),
(129, '20170001', 1601054629, 'localhost:8081', '2020-09-26 01:23:49', '2020-09-26 01:23:49'),
(130, '62DF7492-F138-A032-2782-A83788DD5BA5', 1601054876, 'localhost:8081', '2020-09-26 01:27:56', '2020-09-26 01:27:56'),
(131, '2017107228', 1601800148, 'localhost:8081', '2020-10-04 16:29:08', '2020-10-04 16:29:08'),
(132, '2017107228', 1601908543, 'localhost:8081', '2020-10-05 22:35:43', '2020-10-05 22:35:43'),
(133, '62DF7492-F138-A032-2782-A83788DD5BA5', 1601957969, 'localhost:8081', '2020-10-06 12:19:29', '2020-10-06 12:19:29'),
(134, '2017107228', 1601958639, 'localhost:8081', '2020-10-06 12:30:39', '2020-10-06 12:30:39'),
(135, '62DF7492-F138-A032-2782-A83788DD5BA5', 1601966969, 'localhost:8081', '2020-10-06 14:49:29', '2020-10-06 14:49:29'),
(136, '2017107228', 1601967700, 'localhost:8081', '2020-10-06 15:01:40', '2020-10-06 15:01:40'),
(137, '2017107228', 1602061526, 'localhost:8081', '2020-10-07 17:05:26', '2020-10-07 17:05:26'),
(138, '2017107228', 1602150760, 'localhost:8081', '2020-10-08 17:52:40', '2020-10-08 17:52:40'),
(139, '2017107228', 1602260692, 'localhost:8081', '2020-10-10 00:24:52', '2020-10-10 00:24:52'),
(140, '2017107228', 1602400863, 'localhost:8082', '2020-10-11 15:21:03', '2020-10-11 15:21:03'),
(141, '2017107228', 1602574732, 'localhost:8081', '2020-10-13 15:38:52', '2020-10-13 15:38:52'),
(142, '2017107228', 1602597149, 'localhost:8081', '2020-10-13 21:52:29', '2020-10-13 21:52:29'),
(143, '2017107228', 1602683941, 'localhost:8081', '2020-10-14 21:59:01', '2020-10-14 21:59:01'),
(144, '2017107228', 1602831876, 'localhost:8081', '2020-10-16 15:04:36', '2020-10-16 15:04:36'),
(145, '2017107228', 1602838058, 'localhost:8081', '2020-10-16 16:47:38', '2020-10-16 16:47:38'),
(146, '62DF7492-F138-A032-2782-A83788DD5BA5', 1603187759, 'localhost:8081', '2020-10-20 17:55:59', '2020-10-20 17:55:59'),
(147, '2017107228', 1603273799, 'localhost:8081', '2020-10-21 17:49:59', '2020-10-21 17:49:59'),
(148, '2017107228', 1603273814, 'localhost:8081', '2020-10-21 17:50:14', '2020-10-21 17:50:14'),
(149, '2017107228', 1603368826, 'localhost:8081', '2020-10-22 20:13:46', '2020-10-22 20:13:46'),
(150, '2017107228', 1603368894, 'localhost:8081', '2020-10-22 20:14:54', '2020-10-22 20:14:54'),
(151, '2017107228', 1603368938, 'localhost:8081', '2020-10-22 20:15:38', '2020-10-22 20:15:38'),
(152, '2017107228', 1603368976, 'localhost:8081', '2020-10-22 20:16:16', '2020-10-22 20:16:16'),
(153, '2017107228', 1603369087, 'localhost:8081', '2020-10-22 20:18:07', '2020-10-22 20:18:07'),
(154, '2017107228', 1603369194, 'localhost:8081', '2020-10-22 20:19:54', '2020-10-22 20:19:54'),
(155, '2017107228', 1603369286, 'localhost:8081', '2020-10-22 20:21:26', '2020-10-22 20:21:26'),
(156, '2017107228', 1603369436, 'localhost:8081', '2020-10-22 20:23:56', '2020-10-22 20:23:56'),
(157, '2017107228', 1603369453, 'localhost:8081', '2020-10-22 20:24:13', '2020-10-22 20:24:13'),
(158, '2017107228', 1603369637, 'localhost:8081', '2020-10-22 20:27:17', '2020-10-22 20:27:17'),
(159, '2017107228', 1603370144, 'localhost:8081', '2020-10-22 20:35:44', '2020-10-22 20:35:44'),
(160, '2017107228', 1603370216, 'localhost:8081', '2020-10-22 20:36:56', '2020-10-22 20:36:56'),
(161, '2017107228', 1603370239, 'localhost:8081', '2020-10-22 20:37:19', '2020-10-22 20:37:19'),
(162, '2017107228', 1603370348, 'localhost:8081', '2020-10-22 20:39:08', '2020-10-22 20:39:08'),
(163, '2017107228', 1603370384, 'localhost:8081', '2020-10-22 20:39:44', '2020-10-22 20:39:44'),
(164, '2017107228', 1603370437, 'localhost:8081', '2020-10-22 20:40:37', '2020-10-22 20:40:37'),
(165, '2017107228', 1603370495, 'localhost:8081', '2020-10-22 20:41:35', '2020-10-22 20:41:35'),
(166, '2017107228', 1603370511, 'localhost:8081', '2020-10-22 20:41:51', '2020-10-22 20:41:51'),
(167, '2017107228', 1603370528, 'localhost:8081', '2020-10-22 20:42:08', '2020-10-22 20:42:08'),
(168, '2017107228', 1603370603, 'localhost:8081', '2020-10-22 20:43:23', '2020-10-22 20:43:23'),
(169, '2017107228', 1603370909, 'localhost:8081', '2020-10-22 20:48:29', '2020-10-22 20:48:29'),
(170, '2017107228', 1603370923, 'localhost:8081', '2020-10-22 20:48:43', '2020-10-22 20:48:43'),
(171, '2017107228', 1603371936, 'localhost:8081', '2020-10-22 21:05:36', '2020-10-22 21:05:36'),
(172, '2017107228', 1603371967, 'localhost:8081', '2020-10-22 21:06:07', '2020-10-22 21:06:07'),
(173, '2017107228', 1603371991, 'localhost:8081', '2020-10-22 21:06:31', '2020-10-22 21:06:31'),
(174, '2017107228', 1603372067, 'localhost:8081', '2020-10-22 21:07:47', '2020-10-22 21:07:47'),
(175, '2017107228', 1603372876, 'localhost:8081', '2020-10-22 21:21:16', '2020-10-22 21:21:16'),
(176, '2017107228', 1603372885, 'localhost:8081', '2020-10-22 21:21:25', '2020-10-22 21:21:25'),
(177, '2017107228', 1603373745, 'localhost:8081', '2020-10-22 21:35:45', '2020-10-22 21:35:45'),
(178, '2017107228', 1603375539, 'localhost:8081', '2020-10-22 22:05:39', '2020-10-22 22:05:39'),
(179, '2017107228', 1603376823, 'localhost:8081', '2020-10-22 22:27:03', '2020-10-22 22:27:03'),
(180, '2017107228', 1603377242, 'localhost:8081', '2020-10-22 22:34:02', '2020-10-22 22:34:02'),
(181, '2017107216', 1603377326, 'localhost:8081', '2020-10-22 22:35:26', '2020-10-22 22:35:26'),
(182, '2017107216', 1603377390, 'localhost:8081', '2020-10-22 22:36:30', '2020-10-22 22:36:30'),
(183, '2017107216', 1603377461, 'localhost:8081', '2020-10-22 22:37:41', '2020-10-22 22:37:41'),
(184, '2017107228', 1603377550, 'localhost:8081', '2020-10-22 22:39:10', '2020-10-22 22:39:10'),
(185, '2017107228', 1603377891, 'localhost:8081', '2020-10-22 22:44:51', '2020-10-22 22:44:51'),
(186, '2017107228', 1603377931, 'localhost:8081', '2020-10-22 22:45:31', '2020-10-22 22:45:31'),
(187, '2017107228', 1603378020, 'localhost:8081', '2020-10-22 22:47:00', '2020-10-22 22:47:00'),
(188, '2017107228', 1603378035, 'localhost:8081', '2020-10-22 22:47:15', '2020-10-22 22:47:15'),
(189, '2017107228', 1603378175, 'localhost:8081', '2020-10-22 22:49:35', '2020-10-22 22:49:35'),
(190, '2017107228', 1603378554, 'localhost:8081', '2020-10-22 22:55:54', '2020-10-22 22:55:54'),
(191, '2017107228', 1603378781, 'localhost:8081', '2020-10-22 22:59:41', '2020-10-22 22:59:41'),
(192, '2017107228', 1603453848, 'localhost:8081', '2020-10-23 19:50:48', '2020-10-23 19:50:48'),
(193, '2017107228', 1603454712, 'localhost:8081', '2020-10-23 20:05:12', '2020-10-23 20:05:12'),
(194, '2017107228', 1603529682, 'localhost:8081', '2020-10-24 16:54:42', '2020-10-24 16:54:42'),
(195, '2017107228', 1603529699, 'localhost:8081', '2020-10-24 16:54:59', '2020-10-24 16:54:59'),
(196, '2017107216', 1603612361, 'localhost:8081', '2020-10-25 15:52:41', '2020-10-25 15:52:41'),
(197, '2017107228', 1603612803, 'localhost:8081', '2020-10-25 16:00:03', '2020-10-25 16:00:03'),
(198, '2017107228', 1603612817, 'localhost:8081', '2020-10-25 16:00:17', '2020-10-25 16:00:17'),
(199, '2017107216', 1603613104, 'localhost:8081', '2020-10-25 16:05:04', '2020-10-25 16:05:04'),
(200, '2017107228', 1603614172, 'localhost:8081', '2020-10-25 16:22:52', '2020-10-25 16:22:52'),
(201, '2017107228', 1603614184, 'localhost:8081', '2020-10-25 16:23:04', '2020-10-25 16:23:04'),
(202, '2017107228', 1603630149, 'localhost:8081', '2020-10-25 20:49:09', '2020-10-25 20:49:09'),
(203, '2017107216', 1603630158, 'localhost:8081', '2020-10-25 20:49:18', '2020-10-25 20:49:18'),
(204, '2017107228', 1603709584, 'localhost:8081', '2020-10-26 18:53:04', '2020-10-26 18:53:04'),
(205, '2017107228', 1603709599, 'localhost:8081', '2020-10-26 18:53:19', '2020-10-26 18:53:19'),
(206, '2017107228', 1603796020, 'localhost:8081', '2020-10-27 18:53:40', '2020-10-27 18:53:40'),
(207, '2017107216', 1603796146, 'localhost:8081', '2020-10-27 18:55:46', '2020-10-27 18:55:46'),
(208, '2017107216', 1603796177, 'localhost:8081', '2020-10-27 18:56:17', '2020-10-27 18:56:17'),
(209, '2017107228', 1603796199, 'localhost:8081', '2020-10-27 18:56:39', '2020-10-27 18:56:39'),
(210, '2017107228', 1604225959, 'localhost:8081', '2020-11-01 18:19:19', '2020-11-01 18:19:19'),
(211, '2017107228', 1604319163, 'localhost:8081', '2020-11-02 20:12:43', '2020-11-02 20:12:43'),
(212, '2017107228', 1604408619, 'localhost:8081', '2020-11-03 21:03:39', '2020-11-03 21:03:39'),
(213, '2017107228', 1604596424, 'localhost:8081', '2020-11-06 01:13:44', '2020-11-06 01:13:44'),
(214, '2017107216', 1604596816, 'localhost:8081', '2020-11-06 01:20:16', '2020-11-06 01:20:16'),
(215, '2017107228', 1604683419, 'localhost:8081', '2020-11-07 01:23:39', '2020-11-07 01:23:39'),
(216, '2017107228', 1604883007, 'localhost:8081', '2020-11-09 08:50:07', '2020-11-09 08:50:07'),
(217, '2017107216', 1604885215, 'localhost:8081', '2020-11-09 09:26:55', '2020-11-09 09:26:55'),
(218, '2017107216', 1604887704, 'localhost:8081', '2020-11-09 10:08:24', '2020-11-09 10:08:24'),
(219, '2017107228', 1604935481, 'localhost:8081', '2020-11-09 23:24:41', '2020-11-09 23:24:41'),
(220, '2017107216', 1605008001, 'localhost:8081', '2020-11-10 19:33:21', '2020-11-10 19:33:21'),
(221, '2017107216', 1605008051, 'localhost:8081', '2020-11-10 19:34:11', '2020-11-10 19:34:11'),
(222, '20170001', 1605008836, 'localhost:8081', '2020-11-10 19:47:16', '2020-11-10 19:47:16'),
(223, '2017107228', 1605025712, 'localhost:8081', '2020-11-11 00:28:32', '2020-11-11 00:28:32'),
(224, '2017107228', 1605112638, 'localhost:8081', '2020-11-12 00:37:18', '2020-11-12 00:37:18'),
(225, '2017107228', 1605153587, 'localhost:8081', '2020-11-12 11:59:47', '2020-11-12 11:59:47'),
(226, '2017107228', 1605153832, 'localhost:8081', '2020-11-12 12:03:52', '2020-11-12 12:03:52'),
(227, '2017107228', 1605153922, 'localhost:8081', '2020-11-12 12:05:22', '2020-11-12 12:05:22'),
(228, '2017107228', 1605258902, 'localhost:8081', '2020-11-13 17:15:02', '2020-11-13 17:15:02'),
(229, '2017107228', 1605258938, 'localhost:8081', '2020-11-13 17:15:38', '2020-11-13 17:15:38'),
(230, '2017107228', 1605347566, 'localhost:8081', '2020-11-14 17:52:46', '2020-11-14 17:52:46'),
(231, '2017107228', 1605347585, 'localhost:8081', '2020-11-14 17:53:05', '2020-11-14 17:53:05'),
(232, '20170001', 1605373797, 'localhost:8081', '2020-11-15 01:09:57', '2020-11-15 01:09:57'),
(233, '2017107216', 1605376140, 'localhost:8081', '2020-11-15 01:49:00', '2020-11-15 01:49:00'),
(234, '2017107216', 1605376155, 'localhost:8081', '2020-11-15 01:49:15', '2020-11-15 01:49:15'),
(235, '2017107228', 1605376645, 'localhost:8081', '2020-11-15 01:57:25', '2020-11-15 01:57:25'),
(236, '2017107228', 1605376661, 'localhost:8081', '2020-11-15 01:57:41', '2020-11-15 01:57:41'),
(237, '2017107228', 1605463058, 'localhost:8081', '2020-11-16 01:57:38', '2020-11-16 01:57:38'),
(238, '2017107228', 1605463082, 'localhost:8081', '2020-11-16 01:58:02', '2020-11-16 01:58:02'),
(239, '2017107228', 1605551984, 'localhost:8081', '2020-11-17 02:39:44', '2020-11-17 02:39:44'),
(240, '2017107228', 1605551999, 'localhost:8081', '2020-11-17 02:39:59', '2020-11-17 02:39:59'),
(241, '2017107216', 1605590484, 'localhost:8081', '2020-11-17 13:21:24', '2020-11-17 13:21:24'),
(242, '2017107216', 1605590501, 'localhost:8081', '2020-11-17 13:21:41', '2020-11-17 13:21:41'),
(243, '2017107228', 1605664801, 'localhost:8081', '2020-11-18 10:00:01', '2020-11-18 10:00:01'),
(244, '2017107228', 1605664835, 'localhost:8081', '2020-11-18 10:00:35', '2020-11-18 10:00:35'),
(245, '2017107228', 1605664845, 'localhost:8081', '2020-11-18 10:00:45', '2020-11-18 10:00:45'),
(246, '2017107216', 1605720686, 'localhost:8081', '2020-11-19 01:31:26', '2020-11-19 01:31:26'),
(247, '2017107216', 1605720702, 'localhost:8081', '2020-11-19 01:31:42', '2020-11-19 01:31:42'),
(248, '2017107216', 1605722516, 'localhost:8081', '2020-11-19 02:01:56', '2020-11-19 02:01:56'),
(249, '2017107216', 1605722529, 'localhost:8081', '2020-11-19 02:02:09', '2020-11-19 02:02:09'),
(250, '2017107228', 1605758606, 'localhost:8081', '2020-11-19 12:03:26', '2020-11-19 12:03:26'),
(251, '2017107228', 1605758674, 'localhost:8081', '2020-11-19 12:04:34', '2020-11-19 12:04:34'),
(252, '2017107228', 1605758694, 'localhost:8081', '2020-11-19 12:04:54', '2020-11-19 12:04:54'),
(253, '2017107228', 1605845958, 'localhost:8081', '2020-11-20 12:19:18', '2020-11-20 12:19:18'),
(254, '2017107228', 1605845972, 'localhost:8081', '2020-11-20 12:19:32', '2020-11-20 12:19:32'),
(255, '20170001', 1605861499, 'localhost:8081', '2020-11-20 16:38:19', '2020-11-20 16:38:19'),
(256, '2017107228', 1605948397, 'localhost:8081', '2020-11-21 16:46:37', '2020-11-21 16:46:37'),
(257, '2017107228', 1605948417, 'localhost:8081', '2020-11-21 16:46:57', '2020-11-21 16:46:57'),
(258, '2017107228', 1605951928, 'localhost:8081', '2020-11-21 17:45:28', '2020-11-21 17:45:28'),
(259, '2017107228', 1605951951, 'localhost:8081', '2020-11-21 17:45:51', '2020-11-21 17:45:51'),
(260, '2017107216', 1605958441, 'localhost:8081', '2020-11-21 19:34:01', '2020-11-21 19:34:01'),
(261, '2017107216', 1605958452, 'localhost:8081', '2020-11-21 19:34:12', '2020-11-21 19:34:12'),
(262, '2017107228', 1605965100, 'localhost:8081', '2020-11-21 21:25:00', '2020-11-21 21:25:00'),
(263, '2017107228', 1605965114, 'localhost:8081', '2020-11-21 21:25:14', '2020-11-21 21:25:14'),
(264, '2017107228', 1606068974, 'localhost:8081', '2020-11-23 02:16:14', '2020-11-23 02:16:14'),
(265, '2017107228', 1606068991, 'localhost:8081', '2020-11-23 02:16:31', '2020-11-23 02:16:31'),
(266, '2017107228', 1606069013, 'localhost:8081', '2020-11-23 02:16:53', '2020-11-23 02:16:53'),
(267, '20170001', 1606126647, 'localhost:8081', '2020-11-23 18:17:27', '2020-11-23 18:17:27'),
(268, '2017107228', 1606126861, 'localhost:8081', '2020-11-23 18:21:01', '2020-11-23 18:21:01'),
(269, '2017107228', 1606126890, 'localhost:8081', '2020-11-23 18:21:30', '2020-11-23 18:21:30'),
(270, '20170001', 1606208652, 'localhost:8081', '2020-11-24 17:04:12', '2020-11-24 17:04:12'),
(271, '2017107228', 1606213488, 'localhost:8081', '2020-11-24 18:24:48', '2020-11-24 18:24:48'),
(272, '2017107228', 1606213504, 'localhost:8081', '2020-11-24 18:25:04', '2020-11-24 18:25:04'),
(273, '2017107228', 1606312259, 'localhost:8081', '2020-11-25 21:50:59', '2020-11-25 21:50:59'),
(274, '2017107228', 1606312273, 'localhost:8081', '2020-11-25 21:51:13', '2020-11-25 21:51:13'),
(275, '2017107278', 1606384217, 'localhost:8081', '2020-11-26 17:50:17', '2020-11-26 17:50:17'),
(276, '2017107201', 1606385438, 'localhost:8081', '2020-11-26 18:10:38', '2020-11-26 18:10:38'),
(277, '2017107228', 1606408570, 'localhost:8081', '2020-11-27 00:36:10', '2020-11-27 00:36:10'),
(278, '2017107228', 1606408602, 'localhost:8081', '2020-11-27 00:36:42', '2020-11-27 00:36:42'),
(279, '2017107228', 1606743519, 'localhost:8081', '2020-11-30 21:38:39', '2020-11-30 21:38:39'),
(280, '2017107228', 1606743563, 'localhost:8081', '2020-11-30 21:39:23', '2020-11-30 21:39:23'),
(281, '2017107228', 1606830775, 'localhost:8081', '2020-12-01 21:52:55', '2020-12-01 21:52:55'),
(282, '2017107228', 1606830816, 'localhost:8081', '2020-12-01 21:53:36', '2020-12-01 21:53:36'),
(283, '2017107228', 1606830823, 'localhost:8081', '2020-12-01 21:53:43', '2020-12-01 21:53:43'),
(284, '2017107228', 1606896279, 'localhost:8081', '2020-12-02 16:04:39', '2020-12-02 16:04:39'),
(285, '2017107228', 1606986567, 'localhost:8081', '2020-12-03 17:09:27', '2020-12-03 17:09:27'),
(286, '2017107228', 1607074845, 'localhost:8081', '2020-12-04 17:40:45', '2020-12-04 17:40:45'),
(287, '2017107216', 1607079907, 'localhost:8081', '2020-12-04 19:05:07', '2020-12-04 19:05:07'),
(288, '2017107216', 1607079934, 'localhost:8081', '2020-12-04 19:05:34', '2020-12-04 19:05:34'),
(289, '2017107216', 1607079954, 'localhost:8081', '2020-12-04 19:05:54', '2020-12-04 19:05:54'),
(290, '20170001', 1607101797, 'localhost:8081', '2020-12-05 01:09:57', '2020-12-05 01:09:57'),
(291, '2017107216', 1607101847, 'localhost:8081', '2020-12-05 01:10:47', '2020-12-05 01:10:47'),
(292, '2017107216', 1607101907, 'localhost:8081', '2020-12-05 01:11:47', '2020-12-05 01:11:47');

-- --------------------------------------------------------

--
-- 表的结构 `material`
--

DROP TABLE IF EXISTS `material`;
CREATE TABLE IF NOT EXISTS `material` (
  `id` bigint(20) NOT NULL AUTO_INCREMENT,
  `number` bigint(20) UNSIGNED NOT NULL DEFAULT '0' COMMENT '学工号',
  `category` tinyint(4) NOT NULL DEFAULT '0' COMMENT '类别:1为党的基本知识01,2为积极分子考核02,3为发展对象考核成绩03,4为入党申请书',
  `serial_number` varchar(10) NOT NULL DEFAULT '0' COMMENT '编号',
  `score` char(3) NOT NULL DEFAULT '0' COMMENT '分数',
  `remarks` varchar(200) NOT NULL DEFAULT '' COMMENT '备注',
  `create_time` datetime NOT NULL DEFAULT CURRENT_TIMESTAMP COMMENT '创建的时间',
  `update_time` datetime NOT NULL DEFAULT CURRENT_TIMESTAMP ON UPDATE CURRENT_TIMESTAMP COMMENT '修改的时间',
  `delete_time` datetime DEFAULT NULL COMMENT '软删除标记',
  PRIMARY KEY (`id`),
  KEY `idx_number` (`number`)
) ENGINE=InnoDB AUTO_INCREMENT=44 DEFAULT CHARSET=utf8 COMMENT='入党资料表';

--
-- 转存表中的数据 `material`
--

INSERT INTO `material` (`id`, `number`, `category`, `serial_number`, `score`, `remarks`, `create_time`, `update_time`, `delete_time`) VALUES
(19, 20170001, 4, '', '', 'application/20170001-入党申请书.doc', '2020-11-10 19:49:18', '2020-11-10 19:49:18', NULL),
(22, 2017107228, 4, '', '', 'application/20170001-入党申请书.doc', '2020-11-10 19:49:18', '2020-11-10 19:49:18', NULL),
(24, 2017107201, 1, '2020070101', '89', '', '2020-11-22 02:50:36', '2020-11-22 02:50:36', NULL),
(25, 2017107202, 1, '2020070102', '56', '', '2020-11-22 02:50:36', '2020-11-22 02:50:36', NULL),
(26, 2017107203, 1, '2020070103', '77', '', '2020-11-22 02:50:36', '2020-11-22 02:50:36', NULL),
(27, 2017107204, 1, '2020070104', '96', '', '2020-11-22 02:50:36', '2020-11-22 02:50:36', NULL),
(28, 2017107205, 1, '2020070105', '36', '', '2020-11-22 02:50:36', '2020-11-22 02:50:36', NULL),
(29, 2017107206, 1, '2020070106', '89', '', '2020-11-22 02:50:36', '2020-11-22 02:50:36', NULL),
(30, 2017107207, 1, '2020070107', '56', '', '2020-11-22 02:50:36', '2020-11-22 02:50:36', NULL),
(31, 2017107208, 1, '2020070108', '77', '', '2020-11-22 02:50:36', '2020-11-22 02:50:36', NULL),
(32, 2017107209, 1, '2020070109', '96', '', '2020-11-22 02:50:36', '2020-11-22 02:50:36', NULL),
(33, 2017107210, 1, '2020070110', '36', '', '2020-11-22 02:50:36', '2020-11-22 02:50:36', NULL),
(34, 2017107211, 1, '2020070111', '89', '', '2020-11-22 02:50:36', '2020-11-22 02:50:36', NULL),
(35, 2017107212, 1, '2020070112', '56', '', '2020-11-22 02:50:36', '2020-11-22 02:50:36', NULL),
(36, 2017107213, 1, '2020070113', '77', '', '2020-11-22 02:50:36', '2020-11-22 02:50:36', NULL),
(37, 2017107214, 1, '2020070114', '96', '', '2020-11-22 02:50:36', '2020-11-22 02:50:36', NULL),
(38, 2017107215, 1, '2020070115', '36', '', '2020-11-22 02:50:36', '2020-11-22 02:50:36', NULL),
(39, 2017107216, 1, '2020070116', '89', '', '2020-11-22 02:50:36', '2020-11-22 02:50:36', NULL),
(40, 2017107217, 1, '2020070117', '56', '', '2020-11-22 02:50:36', '2020-11-22 02:50:36', NULL),
(41, 2017107218, 1, '2020070118', '77', '', '2020-11-22 02:50:36', '2020-11-22 02:50:36', NULL),
(42, 2017107219, 1, '2020070119', '96', '', '2020-11-22 02:50:36', '2020-11-22 02:50:36', NULL),
(43, 2017107201, 4, '', '', 'application/2017107201-入党申请书.docx', '2020-11-26 18:11:26', '2020-11-26 18:11:26', NULL);

-- --------------------------------------------------------

--
-- 表的结构 `person`
--

DROP TABLE IF EXISTS `person`;
CREATE TABLE IF NOT EXISTS `person` (
  `id` bigint(20) NOT NULL AUTO_INCREMENT,
  `number` bigint(20) NOT NULL DEFAULT '0' COMMENT '学工号',
  `faculty` char(2) NOT NULL DEFAULT '' COMMENT '学院代码',
  `major` varchar(30) NOT NULL DEFAULT '' COMMENT '专业',
  `grade` varchar(10) NOT NULL DEFAULT '' COMMENT '年级',
  `class` varchar(10) NOT NULL DEFAULT '' COMMENT '班级',
  `name` varchar(15) NOT NULL DEFAULT '' COMMENT '姓名',
  `sex` tinyint(4) NOT NULL DEFAULT '0' COMMENT '性别：1为男性，2为女性',
  `political_status` tinyint(4) NOT NULL DEFAULT '0' COMMENT '政治面貌:1为群众,2为共青团员,3为苗子,4为积极分子,5为发展对象,6为预备党员,7为正式党员 ',
  `party_branch` char(3) NOT NULL DEFAULT '0' COMMENT '所在党支部',
  `nation` varchar(15) NOT NULL DEFAULT '' COMMENT '民族',
  `native_place` varchar(100) NOT NULL DEFAULT '' COMMENT '籍贯',
  `id_card` varchar(18) NOT NULL DEFAULT '' COMMENT '身份证号',
  `education` varchar(10) NOT NULL DEFAULT '' COMMENT '学历',
  `post` varchar(30) NOT NULL DEFAULT '' COMMENT '职务',
  `phone_number` char(11) NOT NULL DEFAULT '' COMMENT '手机号',
  `email` varchar(50) NOT NULL DEFAULT '' COMMENT '邮箱',
  `role` tinyint(4) NOT NULL DEFAULT '9' COMMENT '权限等级',
  `active_state` tinyint(4) NOT NULL DEFAULT '0' COMMENT '账户激活状态：0为未激活，1为已激活',
  `remarks` varchar(10) NOT NULL DEFAULT '' COMMENT '备注',
  `create_time` datetime NOT NULL DEFAULT CURRENT_TIMESTAMP COMMENT '记录创建的时间',
  `update_time` datetime NOT NULL DEFAULT CURRENT_TIMESTAMP ON UPDATE CURRENT_TIMESTAMP COMMENT '资料修改的时间',
  `delete_time` datetime DEFAULT NULL COMMENT '软删除标记',
  PRIMARY KEY (`id`),
  UNIQUE KEY `uq_number` (`number`),
  KEY `idx_create_time` (`create_time`)
) ENGINE=InnoDB AUTO_INCREMENT=24 DEFAULT CHARSET=utf8 COMMENT='人员信息表';

--
-- 转存表中的数据 `person`
--

INSERT INTO `person` (`id`, `number`, `faculty`, `major`, `grade`, `class`, `name`, `sex`, `political_status`, `party_branch`, `nation`, `native_place`, `id_card`, `education`, `post`, `phone_number`, `email`, `role`, `active_state`, `remarks`, `create_time`, `update_time`, `delete_time`) VALUES
(5, 2017107228, '07', '计算机科学与技术', '2017', '1', '邢晨浩', 1, 2, '074', '汉', '', '411625199710067970', '本科', '学生', '13117687671', '928156263@qq.com', 3, 1, '', '2020-11-09 23:22:58', '2020-12-04 18:18:46', NULL),
(6, 2017107216, '07', '计算机科学与技术', '2017', '1', '罗曼', 2, 2, '0', '汉', '', '411625199710067971', '本科', '学生', '13117684283', '928156263@qq.com', 4, 1, '', '2020-11-09 23:22:58', '2020-11-19 01:55:16', NULL),
(7, 20170001, '07', '计算机科学与技术', '2017', '1', '张三', 1, 1, '082', '汉', 'fsdafsa', '411625199710067972', '本科', '教师', '13117687672', '928156263@qq.com', 5, 1, '', '2020-11-09 23:22:58', '2020-12-05 01:12:45', NULL),
(8, 2018107228, '07', '123214', '2018', '1', '张亚婷', 1, 0, '072', '壮', '', '530422199810071244', '本科', '学生', '13117686543', '928156263@qq.com', 3, 0, '', '2020-11-09 23:26:20', '2020-11-22 03:19:56', NULL),
(9, 2019107216, '02', '马克思主义', '2019', '1', '邓小娟', 2, 0, '0', '回', '', '450721199707125005', '本科', '学生', '13117686543', '928156263@qq.com', 8, 0, '', '2020-11-09 23:26:20', '2020-11-09 23:26:20', NULL),
(10, 2017107278, '03', '体教', '2017', '1', '谭丽莹', 2, 0, '0', '汉', '', '45262519990413472X', '本科', '学生', '13117686543', '928156263@qq.com', 8, 1, '', '2020-11-09 23:26:20', '2020-11-26 17:50:05', NULL),
(11, 2017107217, '07', '音乐学', '2018', '1', '陈娇芬', 2, 0, '0', '汉', '', '452226199904151268', '本科', '学生', '13117686543', '928156263@qq.com', 8, 1, '', '2020-11-09 23:26:20', '2020-11-26 18:06:44', NULL),
(12, 2017107201, '05', '舞蹈学', '2019', '1', '徐小妹', 2, 0, '051', '壮', '', '452427199912233148', '本科', '学生', '13117686543', '928156263@qq.com', 8, 1, '', '2020-11-09 23:26:20', '2020-11-26 18:11:25', NULL),
(13, 2017107226, '06', '历史学', '2017', '1', '农颜妤', 1, 0, '0', '回', '', '451302200107293326', '本科', '学生', '13117686543', '928156263@qq.com', 8, 0, '', '2020-11-09 23:26:20', '2020-11-09 23:26:20', NULL),
(14, 2017107204, '07', '软件工程', '2018', '1', '赵珂珂', 1, 0, '0', '汉', '', '412723199909228122', '本科', '学生', '13117686543', '928156263@qq.com', 8, 0, '', '2020-11-09 23:26:20', '2020-11-10 19:34:49', NULL),
(15, 2017107192, '08', '软件工程', '2019', '1', '彭新银', 2, 0, '0', '汉', '', '452402199510064284', '本科', '学生', '13117686543', '928156263@qq.com', 8, 0, '', '2020-11-09 23:26:20', '2020-11-09 23:26:20', NULL),
(16, 2017107180, '09', '物联网', '2017', '1', '梁达丽', 1, 0, '0', '壮', '', '450422199909092870', '本科', '学生', '13117686543', '928156263@qq.com', 8, 0, '', '2020-11-09 23:26:20', '2020-11-09 23:26:20', NULL),
(17, 2017107168, '10', '大数据', '2018', '1', '孙慧舒', 1, 0, '0', '回', '', '450105199710211542', '本科', '学生', '13117686543', '928156263@qq.com', 8, 0, '', '2020-11-09 23:26:20', '2020-11-09 23:26:20', NULL),
(18, 2017107156, '11', '经济管理', '2019', '1', '黄晓云', 2, 0, '0', '汉', '', '450331199802230322', '本科', '学生', '13117686543', '928156263@qq.com', 8, 0, '', '2020-11-09 23:26:20', '2020-11-09 23:26:20', NULL),
(19, 2017107144, '12', '人力资源', '2017', '1', '李丹丹', 1, 0, '0', '汉', '', '452730199811025619', '本科', '学生', '13117686543', '928156263@qq.com', 8, 0, '', '2020-11-09 23:26:20', '2020-11-09 23:26:20', NULL),
(20, 2017107132, '13', '小学语文', '2018', '1', '朱家颖', 1, 0, '0', '壮', '', '412821199908247228', '本科', '学生', '13117686543', '928156263@qq.com', 8, 0, '', '2020-11-09 23:26:20', '2020-11-26 10:01:30', '2020-11-26 10:01:30'),
(21, 2017107032, '13', '小学语文', '2018', '1', '朱家颖', 1, 0, '0', '壮', '', '412821199908247228', '本科', '学生', '13117686543', '928156263@qq.com', 8, 0, '', '2020-11-09 23:50:48', '2020-11-26 10:01:24', '2020-11-26 10:01:24'),
(22, 2017107022, '13', '小学语文', '2018', '1', '朱家颖', 1, 0, '0', '壮', '', '412821199908247228', '本科', '学生', '13117686543', '928156263@qq.com', 8, 0, '', '2020-11-09 23:53:19', '2020-11-26 10:02:38', '2020-11-26 10:02:38'),
(23, 0, '', '', '', '', '', 0, 0, '0', '', '', '', '', '', '', '', 2, 0, '', '2020-11-09 23:26:20', '2020-11-10 00:27:25', '2020-11-10 00:27:25');

-- --------------------------------------------------------

--
-- 表的结构 `person_account`
--

DROP TABLE IF EXISTS `person_account`;
CREATE TABLE IF NOT EXISTS `person_account` (
  `id` bigint(20) NOT NULL AUTO_INCREMENT,
  `number` bigint(20) UNSIGNED NOT NULL DEFAULT '0' COMMENT '学工号',
  `profile` varchar(300) DEFAULT '申请入党人员' COMMENT '个人介绍',
  `password` varchar(32) NOT NULL DEFAULT '' COMMENT '登录密码',
  `id_photo` varchar(500) NOT NULL DEFAULT 'https://c-ssl.duitang.com/uploads/item/201603/06/20160306204517_i4Se8.jpeg' COMMENT '头像',
  `create_time` datetime NOT NULL DEFAULT CURRENT_TIMESTAMP COMMENT '记录创建的时间',
  `update_time` datetime NOT NULL DEFAULT CURRENT_TIMESTAMP ON UPDATE CURRENT_TIMESTAMP COMMENT '资料修改的时间',
  `delete_time` datetime DEFAULT NULL COMMENT '软删除标记',
  PRIMARY KEY (`id`),
  UNIQUE KEY `uq_number` (`number`),
  KEY `idx_number` (`number`)
) ENGINE=InnoDB AUTO_INCREMENT=13 DEFAULT CHARSET=utf8 COMMENT='人员账户表';

--
-- 转存表中的数据 `person_account`
--

INSERT INTO `person_account` (`id`, `number`, `profile`, `password`, `id_photo`, `create_time`, `update_time`, `delete_time`) VALUES
(4, 2017107228, 'fdsf ', '1110', 'https://wpimg.wallstcn.com/f778738c-e4f8-4870-b634-56703b4acafe.gif?imageView2/1/w/80/h/80', '2020-09-17 12:34:33', '2020-12-04 18:00:08', NULL),
(5, 2017107216, '申请入党人员5', '1110', 'http://pic1.sc.chinaz.com/files/pic/pic9/202010/apic28334.jpg', '2020-09-23 18:34:57', '2020-10-13 21:52:15', NULL),
(9, 20170001, '申请入党人员', '1110', 'https://c-ssl.duitang.com/uploads/item/201603/06/20160306204517_i4Se8.jpeg', '2020-11-10 19:46:57', '2020-11-10 19:46:57', NULL),
(10, 2017107278, '申请入党人员', '1110', 'https://c-ssl.duitang.com/uploads/item/201603/06/20160306204517_i4Se8.jpeg', '2020-11-26 17:50:06', '2020-11-26 17:50:06', NULL),
(11, 2017107217, '申请入党人员', '1110', 'https://c-ssl.duitang.com/uploads/item/201603/06/20160306204517_i4Se8.jpeg', '2020-11-26 18:06:44', '2020-11-26 18:06:44', NULL),
(12, 2017107201, '申请入党人员', '1110', 'https://c-ssl.duitang.com/uploads/item/201603/06/20160306204517_i4Se8.jpeg', '2020-11-26 18:10:26', '2020-11-26 18:10:26', NULL);

-- --------------------------------------------------------

--
-- 表的结构 `person_temp`
--

DROP TABLE IF EXISTS `person_temp`;
CREATE TABLE IF NOT EXISTS `person_temp` (
  `id` bigint(20) NOT NULL AUTO_INCREMENT,
  `number` bigint(20) NOT NULL DEFAULT '0' COMMENT '学工号',
  `faculty` char(2) NOT NULL DEFAULT '' COMMENT '学院代码',
  `major` varchar(30) NOT NULL DEFAULT '' COMMENT '专业',
  `grade` varchar(10) NOT NULL DEFAULT '' COMMENT '年级',
  `class` varchar(10) NOT NULL DEFAULT '' COMMENT '班级',
  `name` varchar(15) NOT NULL DEFAULT '' COMMENT '姓名',
  `sex` tinyint(4) NOT NULL DEFAULT '0' COMMENT '性别：1为男性，2为女性',
  `political_status` tinyint(4) NOT NULL DEFAULT '0' COMMENT '政治面貌:1为群众,2为共青团员,3为苗子,4为积极分子,5为发展对象,6为预备党员,7为正式党员',
  `party_branch` char(3) NOT NULL DEFAULT '0' COMMENT '所在党支部',
  `nation` varchar(15) NOT NULL DEFAULT '' COMMENT '民族',
  `native_place` varchar(10) NOT NULL DEFAULT '' COMMENT '籍贯',
  `id_card` varchar(18) NOT NULL DEFAULT '' COMMENT '身份证号',
  `education` varchar(10) NOT NULL DEFAULT '' COMMENT '学历',
  `post` varchar(30) NOT NULL DEFAULT '' COMMENT '职务',
  `phone_number` char(11) NOT NULL DEFAULT '' COMMENT '手机号',
  `email` varchar(50) NOT NULL DEFAULT '' COMMENT '邮箱',
  `role` tinyint(4) NOT NULL DEFAULT '5' COMMENT '权限等级',
  `active_state` tinyint(4) NOT NULL DEFAULT '0' COMMENT '账户激活状态：0为未激活，1为已激活',
  `remarks` varchar(10) NOT NULL DEFAULT '' COMMENT '备注',
  `create_time` datetime NOT NULL DEFAULT CURRENT_TIMESTAMP COMMENT '记录创建的时间',
  `update_time` datetime NOT NULL DEFAULT CURRENT_TIMESTAMP ON UPDATE CURRENT_TIMESTAMP COMMENT '资料修改的时间',
  `delete_time` datetime DEFAULT NULL COMMENT '软删除标记',
  PRIMARY KEY (`id`),
  UNIQUE KEY `uq_number` (`number`),
  KEY `idx_create_time` (`create_time`)
) ENGINE=InnoDB DEFAULT CHARSET=utf8 COMMENT='人员信息表';

-- --------------------------------------------------------

--
-- 表的结构 `recruit_party_member`
--

DROP TABLE IF EXISTS `recruit_party_member`;
CREATE TABLE IF NOT EXISTS `recruit_party_member` (
  `id` bigint(20) NOT NULL AUTO_INCREMENT,
  `number` bigint(20) UNSIGNED NOT NULL DEFAULT '0' COMMENT '学工号',
  `stage` tinyint(4) NOT NULL DEFAULT '0' COMMENT '成长阶段:1为申请入党,2为推优育苗,3为团组织推优,4为积极分子,5为发展对象,6为预备党员,7为预备党委审批,8为正式党员,9为正式党委审批',
  `stage_time` datetime NOT NULL DEFAULT CURRENT_TIMESTAMP COMMENT '成长阶段阶段时间',
  `contacts` varchar(30) NOT NULL DEFAULT '' COMMENT '入党联系人',
  `introducer` varchar(30) NOT NULL DEFAULT '' COMMENT '入党介绍人',
  `remarks` varchar(50) NOT NULL DEFAULT '' COMMENT '备注',
  `create_time` datetime NOT NULL DEFAULT CURRENT_TIMESTAMP COMMENT '记录创建的时间',
  `update_time` datetime NOT NULL DEFAULT CURRENT_TIMESTAMP ON UPDATE CURRENT_TIMESTAMP COMMENT '资料修改的时间',
  `delete_time` datetime DEFAULT NULL COMMENT '软删除标记',
  PRIMARY KEY (`id`),
  UNIQUE KEY `uq_number_stage` (`number`,`stage`),
  KEY `idx_number` (`number`)
) ENGINE=InnoDB AUTO_INCREMENT=117 DEFAULT CHARSET=utf8 COMMENT='发展党员信息表';

--
-- 转存表中的数据 `recruit_party_member`
--

INSERT INTO `recruit_party_member` (`id`, `number`, `stage`, `stage_time`, `contacts`, `introducer`, `remarks`, `create_time`, `update_time`, `delete_time`) VALUES
(59, 2018107228, 1, '2020-11-10 20:14:47', '', '', '', '2020-11-10 19:49:18', '2020-11-10 19:49:18', NULL),
(86, 2017107217, 5, '2020-12-04 18:21:05', '', '', '', '2020-11-04 19:49:18', '2020-11-26 18:06:44', NULL),
(94, 20170001, 1, '2020-12-01 01:13:48', '', '', '', '2019-08-15 19:49:18', '2020-12-05 01:16:48', NULL),
(95, 20170001, 2, '2020-12-05 01:13:48', '', '', '', '2019-08-15 19:49:18', '2020-12-05 01:16:52', NULL),
(101, 2017107228, 1, '2020-12-05 02:36:24', '', '', '', '2020-11-04 19:49:18', '2020-12-05 02:36:24', NULL),
(102, 2017107228, 2, '2021-03-05 02:36:24', '', '', '', '2020-11-04 19:49:18', '2020-12-05 02:36:24', NULL),
(103, 20170001, 4, '2020-12-05 02:36:33', '11132,21312', '', '', '2020-12-05 01:15:45', '2020-12-05 02:36:34', NULL),
(104, 20170001, 3, '2020-11-20 02:36:33', '', '', '', '2020-12-05 01:15:45', '2020-12-05 02:36:34', NULL),
(110, 2018107228, 6, '2020-12-05 02:38:20', '', '', '', '2020-11-17 19:49:18', '2020-12-05 02:38:20', NULL),
(111, 2018107228, 7, '2020-12-12 02:38:20', '', '', '', '2020-11-17 19:49:18', '2020-12-05 02:38:20', NULL),
(112, 20170001, 5, '2020-12-05 02:56:03', '', '', '', '2020-12-05 02:55:48', '2020-12-05 02:56:03', NULL),
(113, 20170001, 6, '2020-12-05 02:56:21', '', '', '', '2020-12-05 02:56:14', '2020-12-05 02:56:22', NULL),
(114, 20170001, 7, '2020-12-04 02:56:21', '', '', '', '2020-12-05 02:56:14', '2020-12-05 02:57:16', NULL),
(115, 20170001, 8, '2020-12-05 02:57:33', '', '', '', '2020-12-05 02:57:25', '2020-12-05 02:57:33', NULL),
(116, 20170001, 9, '2020-12-12 02:57:33', '', '', '', '2020-12-05 02:57:25', '2020-12-05 02:57:33', NULL);

-- --------------------------------------------------------

--
-- 表的结构 `temp_code`
--

DROP TABLE IF EXISTS `temp_code`;
CREATE TABLE IF NOT EXISTS `temp_code` (
  `id` int(10) UNSIGNED NOT NULL AUTO_INCREMENT COMMENT '主键ID',
  `uuid` varchar(36) NOT NULL DEFAULT '' COMMENT '账户全球唯一标识符',
  `code` varchar(20) NOT NULL DEFAULT '' COMMENT '验证码',
  `msg` varchar(32) NOT NULL DEFAULT '' COMMENT '备注信息',
  `create_time` datetime NOT NULL DEFAULT CURRENT_TIMESTAMP COMMENT '记录创建的时间',
  PRIMARY KEY (`id`)
) ENGINE=InnoDB AUTO_INCREMENT=118 DEFAULT CHARSET=utf8 COMMENT='存储验证码临时表';

--
-- 转存表中的数据 `temp_code`
--

INSERT INTO `temp_code` (`id`, `uuid`, `code`, `msg`, `create_time`) VALUES
(14, 'C37709F9-3915-F59E-82D2-43A6F671CD82', '1598448159243767', '登录码', '2020-08-26 21:22:39'),
(24, 'C9A63D20-FD42-E517-66A4-492F7387CF14', '1598523436635721', '验证码', '2020-08-27 18:17:16'),
(79, '20170001', '1605008787776762', '验证码', '2020-11-10 19:46:27'),
(100, '2017107278', '1606384186430120', '验证码', '2020-11-26 17:49:46'),
(101, '2017107217', '1606385187114385', '验证码', '2020-11-26 18:06:27'),
(103, '2017107201', '1606385412423350', '验证码', '2020-11-26 18:10:12'),
(116, '2017107228', '1607069688857559', '修改密码验证码', '2020-12-04 16:14:48'),
(117, '2017107216', '1607079942341092', '验证码', '2020-12-04 19:05:42');

-- --------------------------------------------------------

--
-- 表的结构 `transfer`
--

DROP TABLE IF EXISTS `transfer`;
CREATE TABLE IF NOT EXISTS `transfer` (
  `id` bigint(20) NOT NULL AUTO_INCREMENT,
  `number` bigint(20) UNSIGNED NOT NULL DEFAULT '0' COMMENT '发起人学工号',
  `contacts_phone` char(11) NOT NULL DEFAULT '' COMMENT '常用联系人手机号',
  `reason` tinyint(4) NOT NULL DEFAULT '0' COMMENT '原因:1为转专业,2为分配错误修正,3为其他',
  `leave_faculty` char(3) NOT NULL DEFAULT '0' COMMENT '转出学院',
  `leave_major` varchar(30) NOT NULL DEFAULT '' COMMENT '转出专业',
  `leave_organization` char(3) NOT NULL DEFAULT '0' COMMENT '转出党支部',
  `receive_faculty` char(3) NOT NULL DEFAULT '0' COMMENT '接收学院',
  `receive_major` varchar(30) NOT NULL DEFAULT '' COMMENT '转入专业',
  `receive_organization` char(3) NOT NULL DEFAULT '0' COMMENT '接收党支部',
  `review_steps` tinyint(4) NOT NULL DEFAULT '1' COMMENT '审核步骤:1为转出院级管理员审核,2为转入院级管理员审核,3为校级管理员审核,4为成功',
  `review_status` tinyint(4) NOT NULL DEFAULT '1' COMMENT '审核状态:1为正在审核,2为审核通过,3为未通过',
  `out_low_reviewer` varchar(36) NOT NULL DEFAULT '' COMMENT '院级审核人员',
  `in_low_reviewer` varchar(36) NOT NULL DEFAULT '' COMMENT '院级审核人员',
  `high_reviewer` varchar(36) NOT NULL DEFAULT '' COMMENT '校级审核人员',
  `remarks` varchar(50) NOT NULL DEFAULT '' COMMENT '备注',
  `create_time` datetime NOT NULL DEFAULT CURRENT_TIMESTAMP COMMENT '记录创建的时间',
  `update_time` datetime NOT NULL DEFAULT CURRENT_TIMESTAMP ON UPDATE CURRENT_TIMESTAMP COMMENT '修改的时间',
  `delete_time` datetime DEFAULT NULL COMMENT '软删除标记',
  PRIMARY KEY (`id`),
  KEY `idx_number` (`number`)
) ENGINE=InnoDB AUTO_INCREMENT=2 DEFAULT CHARSET=utf8 COMMENT='组织关系转接表';

--
-- 转存表中的数据 `transfer`
--

INSERT INTO `transfer` (`id`, `number`, `contacts_phone`, `reason`, `leave_faculty`, `leave_major`, `leave_organization`, `receive_faculty`, `receive_major`, `receive_organization`, `review_steps`, `review_status`, `out_low_reviewer`, `in_low_reviewer`, `high_reviewer`, `remarks`, `create_time`, `update_time`, `delete_time`) VALUES
(1, 2017107228, '1234213', 1, '07', '计算机科学与技术', '0', '07', '计算机科学与技术', '074', 4, 2, '2017107216', '2017107216', '2017107228', '', '2020-11-22 12:56:26', '2020-11-22 15:39:50', NULL);
COMMIT;

/*!40101 SET CHARACTER_SET_CLIENT=@OLD_CHARACTER_SET_CLIENT */;
/*!40101 SET CHARACTER_SET_RESULTS=@OLD_CHARACTER_SET_RESULTS */;
/*!40101 SET COLLATION_CONNECTION=@OLD_COLLATION_CONNECTION */;
